Date,"Volume, items",Open,High,Low,Close
2018-01-03,2232020,292.25,297.95,292.15,297.95
2018-01-04,5762200,298.95,308.25,297.6,307.0
2018-01-05,4237350,307.0,313.65,304.65,311.95
2018-01-09,4577460,312.6,316.25,311.15,315.1
2018-01-10,5564030,316.1,319.85,312.0,317.75
2018-01-11,4586170,317.75,325.0,316.05,325.0
2018-01-12,5490740,325.5,326.95,318.55,324.35
2018-01-15,3518870,325.0,326.7,318.75,319.95
2018-01-16,4620330,320.0,321.45,314.0,317.5
2018-01-17,6126070,316.0,326.5,312.95,326.5
2018-01-18,10934640,326.9,333.35,325.05,333.1
2018-01-19,4224540,332.8,332.95,326.65,328.0
2018-01-22,4538960,326.0,332.95,324.4,332.95
2018-01-23,5666010,333.55,336.4,329.2,335.0
2018-01-24,9614780,334.95,345.85,331.6,344.5
2018-01-25,15740420,347.9,359.3,343.5,351.5
2018-01-26,5869690,350.0,356.85,346.3,351.8
2018-01-29,5209810,352.5,356.8,346.35,346.35
2018-01-30,6319350,344.0,352.85,341.5,342.1
2018-01-31,5669980,341.8,347.45,338.5,343.2
2018-02-01,5355280,345.0,353.0,344.55,344.95
2018-02-02,5000440,346.5,349.0,337.25,339.9
2018-02-05,5413920,335.55,340.45,332.0,338.3
2018-02-06,6219130,332.05,337.25,328.35,330.0
2018-02-07,5303310,332.4,338.3,332.4,336.0
2018-02-08,4941760,333.05,335.4,326.6,326.65
2018-02-09,6429030,323.0,329.5,320.35,324.55
2018-02-12,6393160,328.2,332.65,324.7,325.3
2018-02-13,3564370,325.95,328.05,323.5,325.4
2018-02-14,3791640,326.55,326.95,322.75,326.0
2018-02-15,6019180,328.5,333.8,324.3,324.3
2018-02-16,3708170,326.95,328.25,323.1,324.2
2018-02-19,1711150,325.7,327.8,322.05,324.0
2018-02-20,2081750,323.9,325.35,320.55,322.0
2018-02-21,4642740,321.9,333.5,319.5,333.5
2018-02-22,4431330,331.05,338.0,329.05,337.3
2018-02-26,4590400,341.85,345.85,340.6,341.8
2018-02-27,2477180,342.5,343.2,336.65,337.5
2018-02-28,2911040,333.5,335.7,329.15,330.5
2018-03-01,3978300,327.0,327.85,322.1,323.5
2018-03-02,6258450,322.9,324.8,314.6,319.5
2018-03-05,3448770,321.6,324.45,319.3,320.5
2018-03-06,3972670,322.1,324.95,318.05,318.7
2018-03-07,2913810,317.25,317.4,312.2,315.0
2018-03-09,2974960,314.95,316.45,312.25,313.25
2018-03-12,6769100,314.55,319.55,313.1,314.7
2018-03-13,4546780,314.0,315.35,312.0,312.0
2018-03-14,4873470,311.0,311.5,307.55,310.35
2018-03-15,6690690,310.0,316.0,305.55,314.2
2018-03-16,6848630,315.85,319.45,311.5,319.3
2018-03-19,8328140,321.8,324.6,316.0,316.0
2018-03-20,5622870,317.0,319.25,312.6,317.55
2018-03-21,4980520,317.65,321.5,316.0,317.5
2018-03-22,3247090,318.6,319.75,315.0,316.15
2018-03-23,3689250,315.35,315.35,311.25,314.5
2018-03-26,3410780,313.8,314.45,308.05,308.05
2018-03-27,2724110,310.05,311.25,308.15,309.65
2018-03-28,2930120,308.25,310.85,305.0,308.8
2018-03-29,3848480,310.05,317.5,309.7,316.35
2018-03-30,1223700,317.5,318.1,313.2,313.9
2018-04-02,2452220,314.5,316.85,309.05,309.05
2018-04-03,4461740,309.05,313.85,309.05,313.25
2018-04-04,7918150,313.5,319.95,313.3,319.6
2018-04-05,8052760,321.0,325.95,320.1,322.65
2018-04-06,3621820,321.9,322.3,318.05,319.6
2018-04-09,22425040,318.1,318.85,281.65,299.5
2018-04-10,13051680,299.0,313.95,296.4,309.0
2018-04-11,16920630,309.0,324.0,306.9,324.0
2018-04-12,18639000,324.95,333.0,316.2,333.0
2018-04-13,8414940,331.3,331.75,319.8,323.0
2018-04-16,3545420,317.0,324.5,315.1,319.0
2018-04-17,7051100,324.0,329.5,320.05,329.5
2018-04-18,8288320,329.3,337.85,326.0,333.1
2018-04-19,6569130,335.25,339.0,333.0,337.3
2018-04-20,7033820,336.5,342.45,334.1,338.95
2018-04-23,8675780,339.95,351.0,336.1,351.0
2018-04-24,9104490,352.9,362.5,347.8,352.25
2018-04-25,12084360,349.7,370.0,348.05,370.0
2018-04-26,13914390,368.1,376.0,364.0,375.0
2018-04-27,10768550,375.0,380.65,373.5,380.0
2018-04-28,1342710,379.5,381.15,376.0,381.0
2018-04-30,3687340,381.05,388.25,379.15,383.0
2018-05-02,13341560,390.0,408.05,389.3,401.05
2018-05-03,9673410,400.05,400.9,386.1,387.15
2018-05-04,4935000,388.0,394.95,385.05,386.75
2018-05-07,5697830,390.0,398.95,387.5,388.25
2018-05-08,5798310,388.35,394.55,385.8,393.05
2018-05-10,3784410,400.0,400.0,393.2,395.7
2018-05-11,6064050,393.2,403.75,392.45,401.45
2018-05-14,2984860,402.0,404.5,397.45,403.55
2018-05-15,4699950,402.0,402.0,392.0,394.85
2018-05-16,4060930,395.5,398.0,388.65,389.8
2018-05-17,4209030,391.95,392.05,381.85,381.85
2018-05-18,3237250,382.0,389.7,380.1,387.0
2018-05-21,2367900,387.95,391.55,385.45,386.9
2018-05-22,2431880,387.5,388.35,381.5,385.55
2018-05-23,4111650,384.65,384.7,376.05,377.7
2018-05-24,4302720,379.2,381.5,374.25,378.0
2018-05-25,2793010,378.2,379.45,374.7,378.3
2018-05-28,1558470,376.6,379.65,374.25,379.55
2018-05-29,3487340,378.85,383.5,376.55,383.0
2018-05-30,2575260,382.5,383.8,379.0,381.05
2018-05-31,3912500,381.5,386.0,381.1,385.3
2018-06-01,1964460,384.2,386.75,381.65,382.55
2018-06-04,1335330,383.5,387.75,382.85,384.9
2018-06-05,22365300,383.25,386.35,371.4,381.95
2018-06-06,2338250,382.7,382.75,377.1,380.8
2018-06-07,2228290,382.0,384.0,380.05,380.05
2018-06-08,4781700,380.5,383.75,378.45,381.0
2018-06-09,231600,381.7,382.95,381.05,382.15
2018-06-11,1725040,382.8,386.5,378.85,384.55
2018-06-13,2484080,385.4,386.9,381.2,382.0
2018-06-14,2809730,383.8,383.8,377.3,381.7
2018-06-15,4633410,381.45,384.5,379.0,383.25
2018-06-18,4061820,381.85,389.5,379.4,387.0
2018-06-19,5227340,386.5,393.6,383.25,392.35
2018-06-20,3966110,393.1,395.9,387.7,390.2
2018-06-21,4106180,390.0,395.15,387.05,392.75
2018-06-22,3212620,393.5,395.4,388.45,390.8
2018-06-25,2707500,390.0,399.65,388.7,393.95
2018-06-26,2825190,395.0,397.35,388.7,389.3
2018-06-27,3046940,390.25,396.5,387.7,394.6
2018-06-28,3639810,395.0,399.85,394.0,396.5
2018-06-29,2783110,391.1,396.2,391.05,396.15
2018-07-02,2677000,394.5,398.8,392.5,394.7
2018-07-03,2404620,393.95,394.7,388.35,389.95
2018-07-04,1735390,391.0,393.75,388.35,393.25
2018-07-05,3870030,392.9,406.05,391.95,406.05
2018-07-06,2324820,405.05,405.05,398.8,403.4
2018-07-09,2545920,402.4,410.45,402.4,408.15
2018-07-10,5875760,410.8,419.0,407.25,413.2
2018-07-11,3955770,412.0,414.15,407.15,409.85
2018-07-12,3588540,407.0,408.45,399.6,406.45
2018-07-13,2574640,407.0,412.0,403.45,406.9
2018-07-16,2911940,406.8,411.9,404.0,407.3
2018-07-17,2712430,406.5,406.5,398.15,399.5
2018-07-18,2846350,400.95,402.2,396.7,400.9
2018-07-19,1424950,401.1,403.3,397.2,400.5
2018-07-20,2726380,401.55,401.55,391.1,393.25
2018-07-23,1390630,394.25,396.35,391.4,394.5
2018-07-24,1316730,394.7,395.1,390.35,394.9
2018-07-25,1788150,392.5,396.55,390.85,395.8
2018-07-26,1638900,396.0,400.0,393.85,397.35
2018-07-27,2318520,397.35,404.4,397.35,403.5
2018-07-30,1641700,400.3,407.0,399.0,406.45
2018-07-31,4504090,407.0,419.0,405.6,419.0
2018-08-01,3024390,418.95,419.8,412.1,416.6
2018-08-02,2388420,416.95,419.45,413.65,416.8
2018-08-03,2831870,416.7,416.7,407.2,411.25
2018-08-06,4759030,412.55,422.6,412.5,419.35
2018-08-07,9945010,420.95,432.45,420.6,427.9
2018-08-08,4131460,427.0,430.0,418.8,429.0
2018-08-09,3231570,427.5,432.3,424.3,432.3
2018-08-10,4115890,429.2,441.15,429.2,433.25
2018-08-13,3684080,430.3,439.95,429.0,437.2
2018-08-14,2621040,439.75,442.0,430.0,431.3
2018-08-15,3823470,430.0,433.25,425.05,428.55
2018-08-16,2658400,428.55,430.0,422.1,422.3
2018-08-17,2124680,423.0,427.85,421.0,425.8
2018-08-20,1112730,418.05,429.9,418.05,427.0
2018-08-21,2407720,429.0,434.0,425.85,434.0
2018-08-22,2394360,434.5,440.0,432.4,437.3
2018-08-23,2426110,437.8,441.25,426.25,430.0
2018-08-24,2826300,432.0,432.0,425.0,428.1
2018-08-27,1689290,429.25,434.75,426.5,434.75
2018-08-28,2271780,435.0,437.95,432.15,436.0
2018-08-29,2671530,436.2,444.95,435.35,440.5
2018-08-30,2556860,444.3,444.3,435.0,437.0
2018-08-31,2589720,435.0,438.25,430.95,435.7
2018-09-03,1178880,435.7,439.7,432.4,438.75
2018-09-04,1614480,439.0,444.85,436.85,439.35
2018-09-05,1820600,438.15,440.5,434.45,434.5
2018-09-06,1683090,435.5,439.0,433.2,436.05
2018-09-07,1629820,435.1,441.55,432.4,439.55
2018-09-10,2122830,438.95,449.45,438.95,449.45
2018-09-11,2337800,450.0,451.35,446.0,448.8
2018-09-12,3877350,449.5,453.35,441.15,444.9
2018-09-13,1911460,445.45,445.85,438.5,442.4
2018-09-14,2120550,441.25,443.7,437.85,441.35
2018-09-17,2204430,442.7,445.0,437.55,441.3
2018-09-18,2488300,440.85,442.0,435.75,440.4
2018-09-19,2328070,440.85,442.75,436.8,437.85
2018-09-20,5952670,438.3,444.85,438.0,438.7
2018-09-21,4403540,439.75,443.9,434.45,440.4
2018-09-24,3194840,442.05,449.4,440.45,447.05
2018-09-25,4021640,449.9,460.35,446.55,460.0
2018-09-26,4067720,460.0,464.5,454.7,458.5
2018-09-27,5731410,458.0,478.0,456.7,478.0
2018-09-28,8520850,478.95,495.0,476.45,493.0
2018-10-01,3755170,496.0,499.0,487.8,494.05
2018-10-02,2803520,497.0,498.8,489.0,491.4
2018-10-03,6132650,492.1,512.25,491.5,512.0
2018-10-04,7284010,512.0,522.8,500.85,508.2
2018-10-05,4826790,506.0,516.0,498.35,503.0
2018-10-08,5023270,490.45,492.45,478.05,479.45
2018-10-09,4152170,481.75,483.7,473.1,473.1
2018-10-10,4822860,473.3,475.8,466.7,468.75
2018-10-11,4442520,462.0,467.05,458.15,462.55
2018-10-12,2783170,464.6,468.75,463.65,465.1
2018-10-15,1806370,468.25,469.25,460.2,462.05
2018-10-16,2713340,462.5,472.0,462.0,468.7
2018-10-17,3921870,470.15,472.9,466.0,467.85
2018-10-18,2028930,467.3,469.5,462.65,466.6
2018-10-19,2750830,465.1,474.3,464.6,467.0
2018-10-22,2575220,468.95,473.65,463.6,465.3
2018-10-23,4363010,464.0,464.9,450.3,455.0
2018-10-24,3134510,456.0,468.1,455.25,463.5
2018-10-25,3094960,461.95,463.0,453.5,458.4
2018-10-26,2886060,458.4,458.65,448.9,453.3
2018-10-29,1752560,454.05,459.95,453.05,458.5
2018-10-30,2312890,457.9,461.7,443.05,453.7
2018-10-31,4348090,457.0,467.0,456.2,460.45
2018-11-01,3202360,459.8,463.95,455.5,460.0
2018-11-02,3222640,460.55,462.25,456.75,459.6
2018-11-06,6370460,462.1,484.35,461.7,482.45
2018-11-07,3112250,482.75,487.85,478.7,484.1
2018-11-08,3523150,484.0,485.0,473.4,475.0
2018-11-09,4253200,471.05,474.25,465.0,468.6
2018-11-12,2423720,473.0,475.6,462.5,463.5
2018-11-13,7991810,461.7,462.7,443.6,443.6
2018-11-14,11455890,439.85,441.6,425.5,427.15
2018-11-15,5447170,429.05,430.7,421.85,424.25
2018-11-16,5137480,426.25,428.65,420.5,420.85
2018-11-19,4576970,422.15,425.85,421.2,424.1
2018-11-20,7946890,423.35,423.45,412.25,413.55
2018-11-21,4504550,410.65,416.0,409.0,411.85
2018-11-22,2552040,411.8,414.25,408.1,411.1
2018-11-23,7514900,408.95,410.75,401.25,405.2
2018-11-26,7420020,405.8,415.15,397.25,407.0
2018-11-27,3654450,408.7,420.1,408.0,419.8
2018-11-28,4146310,418.8,425.85,418.7,421.45
2018-11-29,5351360,419.55,424.6,412.5,417.0
2018-11-30,3386930,416.95,424.4,414.4,423.1
2018-12-03,6694560,436.2,439.9,429.25,434.0
2018-12-04,3083270,434.0,440.55,433.25,439.0
2018-12-05,2532770,434.95,439.0,430.0,439.0
2018-12-06,4348890,436.0,438.4,422.55,430.0
2018-12-07,5140220,429.4,442.05,429.15,439.0
2018-12-10,4018620,437.0,441.0,424.3,428.5
2018-12-11,3679440,428.5,429.5,421.5,425.55
2018-12-12,4551590,426.05,428.05,419.15,422.0
2018-12-13,4855500,423.0,423.0,414.0,415.75
2018-12-14,3239920,415.1,422.3,414.35,418.0
2018-12-17,2517430,417.9,421.5,414.0,416.0
2018-12-18,5463430,413.0,414.85,407.15,412.15
2018-12-19,3986040,407.0,418.2,406.5,418.2
2018-12-20,3349850,414.0,416.8,410.1,415.6
2018-12-21,3699200,412.9,416.3,405.05,415.0
2018-12-24,1487750,414.9,419.2,412.45,414.0
2018-12-25,1858760,411.0,411.3,401.85,409.0
2018-12-26,1056080,409.1,414.5,409.1,414.5
2018-12-27,6479390,420.0,421.35,416.35,420.5
2018-12-28,2609310,423.0,428.25,421.7,425.95
2018-12-29,940940,426.7,432.5,421.4,432.5
2019-01-03,1528310,429.15,429.8,422.4,425.85
2019-01-04,1635750,427.1,439.0,426.2,430.4
2019-01-08,2052160,427.0,427.0,420.65,423.6
2019-01-09,2413050,425.0,428.9,425.0,427.7
2019-01-10,2493560,427.75,433.0,424.0,432.1
2019-01-11,2839110,432.0,435.3,430.2,434.6
2019-01-14,2358220,434.05,434.05,424.85,427.9
2019-01-15,2863880,428.6,431.35,421.3,424.35
2019-01-16,3091660,424.45,426.9,420.0,421.0
2019-01-17,3468970,422.0,422.45,414.2,415.9
2019-01-18,4510760,419.05,421.95,416.35,419.7
2019-01-21,2613040,421.1,424.8,418.95,422.3
2019-01-22,4536990,419.8,421.05,413.0,416.9
2019-01-23,3021470,417.0,421.25,416.2,419.9
2019-01-24,10537210,417.8,417.8,405.6,408.5
2019-01-25,4986550,408.3,414.3,404.6,414.0
2019-01-28,3322570,412.8,412.9,408.85,411.2
2019-01-29,4411530,410.0,413.65,406.3,412.9
2019-01-30,3540780,412.85,417.15,411.15,415.8
2019-01-31,3428170,417.5,418.6,411.25,411.25
2019-02-01,3011440,410.55,414.85,407.0,411.95
2019-02-04,3375440,412.95,414.4,411.0,411.0
2019-02-05,10446570,411.95,429.75,409.7,428.5
2019-02-06,4283520,429.45,429.45,421.1,421.55
2019-02-07,3473380,420.1,423.9,411.45,411.55
2019-02-08,2342100,410.95,414.75,408.5,411.6
2019-02-11,3471100,412.0,418.75,410.5,410.5
2019-02-12,3933830,410.5,417.95,410.2,414.5
2019-02-13,7221730,414.95,416.15,401.5,401.6
2019-02-14,8167130,394.65,399.6,390.75,394.85
2019-02-15,4641740,397.0,405.35,397.0,403.5
2019-02-18,3510240,403.55,407.75,398.7,405.0
2019-02-19,3370750,404.8,408.35,399.8,402.95
2019-02-20,2778420,403.15,405.0,400.15,402.9
2019-02-21,3206940,403.3,404.8,395.0,396.45
2019-02-22,2842690,396.45,402.5,394.4,401.5
2019-02-25,3768150,400.45,404.15,395.15,396.5
2019-02-26,3097610,394.95,399.4,392.7,399.0
2019-02-27,3544000,400.0,401.0,397.65,400.4
2019-02-28,2299210,398.85,400.95,395.5,398.8
2019-03-01,1805370,399.9,400.95,396.0,398.25
2019-03-04,1579050,399.4,400.5,396.95,398.05
2019-03-05,1867250,397.0,399.55,395.9,395.9
2019-03-06,2700450,397.15,403.0,394.55,402.3
2019-03-07,2350970,402.0,402.85,398.7,402.0
2019-03-11,1870450,401.9,401.95,397.55,399.75
2019-03-12,3280860,400.0,400.35,395.0,397.5
2019-03-13,2548640,397.5,400.1,395.6,400.0
2019-03-14,5183580,400.3,407.8,398.3,398.3
2019-03-15,3595160,401.0,402.5,397.4,401.25
2019-03-18,2672370,399.7,399.7,396.2,399.0
2019-03-19,1928620,399.0,399.85,396.8,399.0
2019-03-20,4050750,399.45,408.5,396.8,408.5
2019-03-21,5261910,408.0,410.45,405.65,409.5
2019-03-22,2430970,409.9,410.7,405.7,408.4
2019-03-25,3308140,405.95,405.95,400.0,404.25
2019-03-26,2012970,404.0,409.7,402.15,405.2
2019-03-27,2753970,405.55,408.0,402.55,404.35
2019-03-28,1844000,404.55,409.3,404.0,407.5
2019-03-29,4653870,407.75,412.9,406.05,412.0
2019-04-01,5034740,413.0,421.25,411.9,419.7
2019-04-02,2465170,420.0,423.2,416.6,418.0
2019-04-03,2227390,419.5,421.7,417.3,417.95
2019-04-04,2644330,418.1,423.75,416.95,422.45
2019-04-05,2538520,422.85,425.75,421.1,421.5
2019-04-08,2946680,423.0,425.4,418.2,420.9
2019-04-09,4284580,422.0,423.85,413.6,415.9
2019-04-10,3227420,415.05,425.5,413.85,425.5
2019-04-11,5982950,425.5,436.25,424.0,431.0
2019-04-12,3762950,433.0,437.25,430.0,432.5
2019-04-15,2863880,432.0,434.9,426.4,428.9
2019-04-16,5174360,430.0,436.7,428.55,435.15
2019-04-17,3565870,437.4,441.0,435.75,436.5
2019-04-18,2379960,435.65,437.75,432.55,435.65
2019-04-19,1165030,437.0,437.0,431.1,432.0
2019-04-22,2388950,434.75,440.95,432.95,439.6
2019-04-23,5910290,440.95,449.0,437.7,441.0
2019-04-24,3294060,442.0,442.0,436.7,441.3
2019-04-25,3592700,441.0,441.2,432.95,436.0
2019-04-26,3697730,435.1,435.35,428.05,434.45
2019-04-29,1594870,433.0,435.75,429.5,433.7
2019-04-30,3576650,433.95,434.4,426.8,428.8
2019-05-02,2999910,427.75,427.8,421.8,423.25
2019-05-03,1613880,425.15,427.6,421.8,423.55
2019-05-06,1441260,421.2,425.4,418.0,425.0
2019-05-07,2872860,426.75,427.25,416.9,422.0
2019-05-08,2247390,421.5,423.8,418.05,420.4
2019-05-10,2171810,420.0,423.15,413.55,413.75
2019-05-13,3855490,415.0,423.05,414.25,417.2
2019-05-14,3202400,420.0,422.8,419.55,420.95
2019-05-15,3827440,421.85,421.85,413.1,413.7
2019-05-16,3757280,413.7,415.4,410.6,412.0
2019-05-17,2424170,411.0,415.6,410.6,413.0
2019-05-20,2272060,414.4,415.45,408.1,408.2
2019-05-21,3933530,409.35,420.0,408.0,415.95
2019-05-22,3103260,416.5,420.35,413.6,414.0
2019-05-23,3869040,413.65,420.0,411.8,417.05
2019-05-24,3384130,418.1,427.85,417.3,423.0
2019-05-27,740780,422.0,426.55,422.0,425.4
2019-05-28,7557090,423.9,435.75,423.9,431.8
2019-05-29,4761820,429.0,437.0,426.8,437.0
2019-05-30,3440340,440.0,440.95,437.0,439.0
2019-05-31,4372670,436.5,438.1,428.3,433.0
2019-06-03,6040470,428.0,438.9,424.35,438.9
2019-06-04,6013530,438.3,445.05,433.5,435.0
2019-06-05,2888490,436.0,436.0,425.65,426.2
2019-06-06,4404110,427.0,428.4,419.6,422.9
2019-06-07,5214090,425.4,426.55,419.3,419.55
2019-06-10,2621260,421.7,424.25,420.1,422.0
2019-06-11,3842630,421.95,425.5,420.75,422.9
2019-06-13,4950130,421.35,425.6,420.15,422.0
2019-06-14,6848050,414.8,416.65,408.0,408.0
2019-06-17,5217150,409.55,415.0,407.8,408.1
2019-06-18,4615800,408.5,411.7,407.1,411.7
2019-06-19,3491600,411.95,412.75,408.0,409.25
2019-06-20,8955030,411.1,419.75,409.45,419.75
2019-06-21,5271740,419.2,420.0,414.55,419.1
2019-06-24,2977930,419.0,420.75,415.5,416.45
2019-06-25,2606180,415.0,415.6,410.4,412.15
2019-06-26,3638530,413.1,417.8,412.55,415.9
2019-06-27,2667080,417.05,418.4,412.75,415.1
2019-06-28,1938710,415.0,415.5,412.6,414.5
2019-07-01,4092820,417.5,422.8,416.3,417.8
2019-07-02,2098800,417.85,420.15,415.1,417.0
2019-07-03,2701800,416.9,422.2,414.75,420.0
2019-07-04,1742000,421.8,422.85,417.85,422.55
2019-07-05,3418740,422.9,424.55,416.3,418.65
2019-07-08,2714100,417.95,421.9,417.2,419.25
2019-07-09,2214720,419.1,424.5,419.1,420.95
2019-07-10,3318820,421.75,425.9,419.2,423.25
2019-07-11,2989220,425.1,425.1,417.3,418.4
2019-07-12,2003650,418.4,421.3,415.05,419.25
2019-07-15,1285620,421.3,422.3,418.2,418.4
2019-07-16,1176960,417.9,420.8,417.85,420.4
2019-07-17,2398020,418.55,421.1,416.5,421.1
2019-07-18,1905000,420.35,421.25,416.7,417.0
2019-07-19,1177370,418.75,420.65,418.1,420.45
2019-07-22,1600980,416.0,423.95,415.25,420.45
2019-07-23,3622760,420.75,431.15,420.6,428.0
2019-07-24,1613330,428.6,429.85,426.1,427.6
2019-07-25,2177790,428.45,429.45,425.6,428.95
2019-07-26,2319080,428.95,429.85,423.5,423.5
2019-07-29,1384360,424.1,425.5,420.05,421.9
2019-07-30,1120510,422.8,423.1,418.15,420.45
2019-07-31,1657620,420.5,422.7,418.7,421.95
2019-08-01,1575940,419.5,421.1,417.2,419.4
2019-08-02,4972330,416.9,418.0,411.75,411.75
2019-08-05,4653170,411.5,413.85,405.7,406.3
2019-08-06,4026310,407.05,412.35,406.55,412.0
2019-08-07,4885090,411.05,411.45,405.35,406.55
2019-08-08,2687430,408.1,409.6,406.6,406.6
2019-08-09,2509270,407.5,407.95,404.3,404.6
2019-08-12,3542730,405.0,407.3,401.4,402.4
2019-08-13,3677470,402.4,408.45,400.7,405.3
2019-08-14,5310260,406.0,407.0,397.7,400.15
2019-08-15,3263050,402.2,405.2,400.05,404.25
2019-08-16,2538360,405.55,406.8,404.0,404.75
2019-08-19,4333690,406.45,407.85,402.3,404.0
2019-08-20,4483930,405.45,409.95,404.75,407.9
2019-08-21,5199950,416.95,416.95,410.0,410.4
2019-08-22,3206680,410.4,411.65,406.0,406.0
2019-08-23,3170390,407.3,408.35,404.4,405.6
2019-08-26,1692070,403.0,406.95,402.95,405.7
2019-08-27,4854590,406.5,406.5,403.1,406.5
2019-08-28,3728780,406.45,406.8,403.8,404.8
2019-08-29,3324820,405.0,408.0,404.8,406.25
2019-08-30,3442290,406.45,409.35,405.7,406.95
2019-09-02,5187190,407.0,413.2,406.0,412.0
2019-09-03,3651670,411.85,412.0,406.95,410.4
2019-09-04,4088810,411.5,415.9,411.35,414.65
2019-09-05,4868480,416.5,420.55,414.65,418.3
2019-09-06,3775590,418.05,422.9,415.9,422.9
2019-09-09,2421150,424.0,424.45,420.7,423.9
2019-09-10,4492560,423.8,423.85,416.15,418.0
2019-09-11,3555070,417.1,419.45,413.65,416.1
2019-09-12,5524440,416.15,417.3,409.4,412.05
2019-09-13,2434620,412.0,412.8,408.85,410.05
2019-09-16,17572690,418.5,431.3,415.05,429.7
2019-09-17,15588740,431.85,440.9,424.0,428.1
2019-09-18,4412450,428.5,429.7,423.5,426.0
2019-09-19,4783790,425.0,428.8,424.55,427.0
2019-09-20,3070370,426.8,428.3,425.05,428.3
2019-09-23,4889900,428.3,430.0,423.7,428.75
2019-09-24,4074760,431.05,431.5,423.6,425.5
2019-09-25,3854470,424.4,424.65,421.85,424.5
2019-09-26,2115790,424.55,425.95,422.05,422.55
2019-09-27,1732210,422.5,424.75,422.2,422.5
2019-09-30,2334340,422.2,422.5,419.3,419.3
2019-10-01,2434990,420.35,423.25,419.9,420.65
2019-10-02,3423590,420.65,422.25,415.8,417.55
2019-10-03,3801380,416.75,417.8,410.7,413.1
2019-10-04,2914480,415.3,419.2,413.1,415.0
2019-10-07,3432460,416.7,422.9,414.55,418.5
2019-10-08,2641420,418.85,421.9,418.6,419.5
2019-10-09,2802010,420.35,422.0,419.3,421.15
2019-10-10,5087850,409.95,411.6,407.05,409.0
2019-10-11,3582330,410.75,412.7,409.6,411.65
2019-10-14,1960300,411.65,414.0,410.25,413.4
2019-10-15,2025340,412.45,413.6,411.1,411.65
2019-10-16,3092880,413.0,415.5,410.3,414.95
2019-10-17,2951090,414.9,418.6,413.2,417.65
2019-10-18,1751370,417.65,417.7,414.15,415.0
2019-10-21,2603480,415.0,415.5,411.5,413.75
2019-10-22,3475400,413.45,417.4,412.55,417.4
2019-10-23,4108860,415.9,420.75,415.2,420.0
2019-10-24,3998420,420.0,422.5,419.3,420.5
2019-10-25,2473210,421.0,422.35,417.7,421.35
2019-10-28,2122390,422.2,424.3,420.0,421.4
2019-10-29,5713870,421.4,430.45,419.1,429.2
2019-10-30,4624480,428.75,433.5,425.7,432.65
2019-10-31,3477500,432.5,435.5,426.0,426.0
2019-11-01,5003510,426.5,435.4,424.0,434.4
2019-11-05,8677320,437.8,453.45,434.45,451.4
2019-11-06,9041070,452.05,454.5,443.35,454.5
2019-11-07,5957260,452.0,464.7,450.45,463.5
2019-11-08,4171670,462.0,462.85,453.65,454.25
2019-11-11,3220850,453.05,453.85,446.4,453.0
2019-11-12,7240110,454.0,468.3,453.2,461.05
2019-11-13,3554510,458.1,461.45,455.1,459.5
2019-11-14,4477310,459.2,460.2,451.7,457.3
2019-11-15,3003220,457.3,460.7,453.7,458.0
2019-11-18,3032390,459.6,461.5,450.1,451.0
2019-11-19,2644550,451.25,455.0,448.5,452.55
2019-11-20,4434830,450.9,452.5,441.65,450.35
2019-11-21,1952620,449.8,454.0,445.75,452.85
2019-11-22,2537450,452.2,457.4,450.8,453.0
2019-11-25,1748740,455.0,456.5,453.0,455.0
2019-11-26,6255680,455.6,456.35,445.1,453.0
2019-11-27,3604600,452.0,452.85,445.1,445.9
2019-11-28,2224970,445.45,447.2,442.5,445.5
2019-11-29,2907480,444.6,444.6,440.3,441.0
2019-12-02,3243280,443.4,443.95,435.4,435.45
2019-12-03,2850050,434.2,439.55,432.5,433.0
2019-12-04,3553690,433.4,444.15,427.6,442.15
2019-12-05,2932430,441.0,443.75,435.25,438.4
2019-12-06,2845350,438.4,448.35,436.6,446.0
2019-12-09,2006130,448.0,450.5,445.2,449.0
2019-12-10,2593230,448.8,451.9,445.5,448.85
2019-12-11,3936930,449.45,455.85,448.75,451.7
2019-12-12,5508850,453.3,458.75,451.6,452.8
2019-12-13,4586410,456.15,457.35,450.25,451.1
2019-12-16,3597230,450.8,452.65,448.0,448.45
2019-12-17,5215360,449.95,455.0,449.2,454.05
2019-12-18,4389380,453.0,456.45,451.55,454.45
2019-12-19,5095820,454.5,456.85,449.0,451.75
2019-12-20,5244610,452.45,453.2,446.5,451.75
2019-12-23,2999470,451.7,454.1,449.0,451.0
2019-12-24,1574240,451.0,453.2,450.5,451.4
2019-12-25,1649040,452.0,455.3,451.9,454.0
2019-12-26,1786410,455.7,455.75,452.5,452.5
2019-12-27,2784150,453.5,455.4,453.2,453.5
2019-12-30,3255130,453.4,453.95,449.5,449.7
2020-01-03,4376800,453.75,458.65,453.35,456.9
2020-01-06,6828930,459.0,460.4,453.4,455.6
2020-01-08,9251220,456.0,462.7,451.45,452.0
2020-01-09,4982540,452.4,460.95,450.7,460.2
2020-01-10,6695940,459.9,475.65,456.85,473.5
2020-01-13,4812230,476.65,482.25,472.15,481.15
2020-01-14,6553240,481.15,486.45,472.7,475.5
2020-01-15,4595510,474.7,482.1,469.95,474.5
2020-01-16,4124610,477.95,481.5,476.7,480.95
2020-01-17,4466590,482.45,487.2,481.25,485.15
2020-01-20,3130680,488.0,489.9,484.65,484.85
2020-01-21,2932730,482.55,486.85,479.0,486.15
2020-01-22,11724320,486.25,488.55,476.05,478.15
2020-01-23,4185540,475.0,479.7,470.6,473.1
2020-01-24,3300950,475.05,478.4,473.5,474.0
2020-01-27,5684600,469.05,473.8,465.8,468.3
2020-01-28,5883840,472.1,477.7,468.2,477.7
2020-01-29,6309330,480.5,482.0,475.6,481.7
2020-01-30,14599820,480.95,483.3,477.8,481.2
2020-01-31,8601590,485.0,486.0,478.75,480.5
2020-02-03,4692830,478.7,481.45,476.6,479.95
2020-02-04,8782880,481.0,483.0,478.35,480.0
2020-02-05,5659990,481.0,481.5,474.4,477.0
2020-02-06,4759310,478.5,480.5,471.0,475.6
2020-02-07,16679550,475.5,476.75,450.55,463.6
2020-02-10,8918200,463.6,463.85,447.8,450.0
2020-02-11,7847480,454.85,456.7,448.25,454.3
2020-02-12,7411680,456.7,465.8,455.5,465.8
2020-02-13,5200420,463.2,465.5,458.55,463.0
2020-02-14,4928520,463.0,464.4,456.25,460.5
2020-02-17,2862290,461.0,464.7,459.7,464.7
2020-02-18,12455090,462.7,466.0,440.7,452.2
2020-02-19,10662570,455.25,469.0,455.25,465.65
2020-02-20,9033880,468.0,476.95,465.6,470.4
2020-02-21,6005410,468.1,469.0,461.65,461.75
2020-02-25,7406410,455.05,458.75,442.7,443.85
2020-02-26,9702670,441.75,444.6,431.5,443.7
2020-02-27,9695140,437.0,440.0,420.95,422.05
2020-02-28,18913810,416.0,417.0,398.15,403.4
2020-03-02,11867380,411.0,415.4,389.5,394.5
2020-03-03,11121190,406.95,411.95,400.5,406.0
2020-03-04,9096600,403.0,416.55,399.2,415.95
2020-03-05,8606580,417.5,420.0,408.5,410.6
2020-03-06,12793490,406.0,406.95,391.05,392.95
2020-03-10,38328490,353.7,357.4,320.0,326.5
2020-03-11,20738020,332.9,334.4,310.95,314.05
2020-03-12,29246810,300.0,305.0,270.8,277.5
2020-03-13,44712980,261.2,288.65,261.2,266.25
2020-03-16,31025780,266.25,280.0,251.0,258.5
2020-03-17,19695180,260.5,268.0,246.25,249.15
2020-03-18,19316370,244.0,244.75,229.8,234.0
2020-03-19,37674540,237.0,268.65,230.05,264.4
2020-03-20,45411190,274.5,299.4,272.0,287.75
2020-03-23,35837260,275.0,276.45,265.15,274.0
2020-03-24,22742550,300.0,301.25,285.45,298.5
2020-03-25,36681020,304.5,319.75,287.75,304.75
2020-03-26,20497860,304.75,319.95,291.0,316.2
2020-03-27,13849010,315.9,322.0,296.3,302.8
2020-03-30,29933870,316.5,325.75,293.55,301.0
2020-03-31,25538920,305.1,319.75,304.0,314.35
2020-04-01,18359340,308.0,324.6,304.2,321.0
2020-04-02,38779550,335.0,354.3,324.65,340.5
2020-04-03,37269440,344.0,355.0,340.55,345.0
2020-04-06,18148920,348.0,352.0,340.25,343.0
2020-04-07,28546820,350.0,386.95,337.55,339.5
2020-04-08,14035290,337.0,342.95,335.7,341.5
2020-04-09,27112760,347.9,355.0,341.5,353.0
2020-04-10,12849240,350.0,350.05,342.15,344.0
2020-04-13,9852690,345.0,346.5,334.4,336.7
2020-04-14,13264460,339.15,342.0,327.4,330.95
2020-04-15,19859390,328.0,328.35,304.05,307.25
2020-04-16,21559360,308.85,314.9,296.25,305.75
2020-04-17,14666310,312.0,314.75,307.3,313.9
2020-04-20,12229610,310.5,314.5,307.8,307.9
2020-04-21,25247170,299.2,306.95,293.5,304.0
2020-04-22,25009860,299.1,329.1,299.1,321.95
2020-04-23,22987910,329.6,336.8,324.1,335.0
2020-04-24,16539600,334.7,334.7,322.5,324.0
2020-04-27,10276660,322.2,327.3,319.3,322.9
2020-04-28,17584700,320.5,331.3,318.0,325.1
2020-04-29,15369840,328.0,338.25,326.5,337.95
2020-04-30,17148520,343.25,346.45,330.3,335.65
2020-05-04,8831090,330.55,332.75,325.05,331.0
2020-05-05,13975500,337.0,343.55,334.0,342.5
2020-05-06,14591870,344.0,344.85,335.0,337.7
2020-05-07,12491770,337.15,344.55,336.75,343.8
2020-05-08,9550290,344.05,350.0,340.25,348.2
2020-05-12,11186970,347.8,355.7,345.2,351.65
2020-05-13,8913160,350.3,353.15,345.85,348.1
2020-05-14,8929200,346.0,349.95,344.55,348.5
2020-05-15,9514140,351.2,354.75,349.35,350.85
2020-05-18,19896670,357.5,375.95,355.65,374.4
2020-05-19,18944540,376.2,383.5,371.55,376.4
2020-05-20,14745420,374.0,384.45,373.25,378.9
2020-05-21,20892400,378.9,383.35,364.4,368.25
2020-05-22,13802870,359.7,365.9,358.1,365.5
2020-05-25,5287090,366.5,374.0,366.5,373.8
2020-05-26,10602650,377.8,380.9,374.4,375.6
2020-05-27,12194760,373.8,380.0,366.35,374.45
2020-05-28,7373100,376.8,378.2,372.5,376.4
2020-05-29,10712590,374.05,376.35,370.4,373.4
2020-06-01,8342370,380.0,387.0,376.35,379.15
2020-06-02,13076410,380.55,387.0,379.8,385.2
2020-06-03,13929180,390.2,397.6,388.4,396.5
2020-06-04,8822490,397.0,397.3,387.65,390.05
2020-06-05,11598780,394.5,402.0,393.0,401.05
2020-06-08,12647060,407.0,408.25,395.0,400.5
2020-06-09,10121950,403.0,403.9,394.3,402.0
2020-06-10,8811590,401.6,403.75,397.25,399.75
2020-06-11,15665520,382.9,382.9,370.5,374.5
2020-06-15,12122290,368.7,369.05,359.55,365.45
2020-06-16,9207610,372.15,376.8,370.25,373.15
2020-06-17,6434810,372.55,376.85,371.05,372.15
2020-06-18,5309220,371.7,374.5,369.25,374.0
2020-06-19,7039450,376.15,378.8,373.7,373.75
2020-06-22,5860910,374.55,379.0,370.5,375.45
2020-06-23,4257880,376.9,377.75,372.5,373.6
2020-06-25,9320050,366.95,372.0,362.2,371.2
2020-06-26,3593650,373.05,373.05,366.0,367.65
2020-06-29,4326180,365.5,367.45,361.7,365.5
2020-06-30,4138970,365.6,366.2,359.5,361.9
2020-07-02,3698320,364.05,367.8,362.5,366.05
2020-07-03,3345410,367.5,368.2,362.95,365.45
2020-07-06,5171010,367.6,373.65,367.0,369.0
2020-07-07,3427320,366.0,368.8,364.55,367.0
2020-07-08,2852700,366.0,366.8,362.75,364.9
2020-07-09,3948680,366.85,367.45,360.65,361.45
2020-07-10,4244590,361.05,364.5,356.8,362.45
2020-07-13,5009880,366.0,367.4,354.3,356.45
2020-07-14,7437920,355.95,355.95,349.05,353.55
2020-07-15,8347910,355.1,362.95,353.35,356.0
2020-07-16,2854850,357.0,361.45,355.85,359.8
2020-07-17,2152460,361.0,362.25,358.35,360.45
2020-07-20,3791780,359.35,361.65,355.9,360.9
2020-07-21,5282220,362.5,367.75,362.2,365.3
2020-07-22,3386370,364.0,366.8,362.2,363.0
2020-07-23,3228630,366.0,366.55,358.1,363.2
2020-07-24,4487370,358.2,360.7,357.4,358.35
2020-07-27,4490460,361.0,361.0,356.3,356.5
2020-07-28,4091640,358.95,359.3,355.0,356.4
2020-07-29,5483830,356.0,360.4,355.45,359.65
2020-07-30,5663350,359.05,359.6,352.6,354.0
2020-07-31,4021490,356.0,358.2,353.5,355.65
2020-08-03,3730310,356.0,358.35,355.25,356.9
2020-08-04,4723740,356.5,360.7,355.0,360.0
2020-08-05,7946580,361.0,365.6,359.0,364.95
2020-08-06,6136500,365.05,374.85,362.45,367.25
2020-08-07,4826180,367.8,370.5,365.2,366.5
2020-08-10,3341230,367.95,370.95,366.6,367.75
2020-08-11,6201990,369.0,371.85,366.7,370.7
2020-08-12,7432810,369.0,379.05,368.55,376.1
2020-08-13,10592250,379.0,389.7,376.0,388.25
2020-08-14,6088640,387.5,390.0,382.65,386.5
2020-08-17,6546720,389.5,393.1,383.2,387.2
2020-08-18,5600460,388.0,394.3,386.15,392.15
2020-08-19,3868960,392.4,393.25,385.4,388.8
2020-08-20,5242640,385.1,386.3,379.1,379.8
2020-08-21,4100350,382.05,386.2,377.6,382.3
2020-08-24,3243240,384.55,388.7,383.25,388.65
2020-08-25,5975530,389.5,393.45,386.7,392.8
2020-08-26,5660100,393.05,398.5,391.9,397.5
2020-08-27,3889140,397.95,399.0,388.3,389.65
2020-08-28,3497930,389.9,391.2,378.8,380.65
2020-08-31,7521510,382.0,385.0,371.25,373.2
2020-09-01,3558470,375.3,375.45,369.8,373.9
2020-09-02,4525330,374.15,377.5,367.3,371.5
2020-09-03,4804100,371.0,372.35,363.3,366.2
2020-09-04,5655120,365.75,372.8,365.0,372.5
2020-09-07,3419960,370.0,373.4,367.45,371.4
2020-09-08,5021740,370.15,372.65,364.5,367.9
2020-09-09,4596650,367.7,372.75,367.35,371.8
2020-09-10,4262650,372.05,373.0,365.65,366.9
2020-09-11,3236060,367.0,371.7,365.5,370.05
2020-09-14,3276980,372.0,376.9,370.65,374.45
2020-09-15,4048030,374.0,385.7,373.1,385.3
2020-09-16,4944730,386.05,389.9,381.8,385.75
2020-09-17,5337090,383.0,384.15,378.65,382.55
2020-09-18,4167400,382.9,384.0,374.5,376.5
2020-09-21,6772510,376.0,376.0,363.4,368.3
2020-09-22,4164420,367.7,375.7,366.75,374.8
2020-09-23,3812730,375.8,379.55,370.15,370.75
2020-09-24,3899530,373.2,379.0,369.15,376.7
2020-09-25,4445740,379.0,381.5,376.95,381.4
2020-09-28,3439130,382.35,386.45,380.45,385.9
2020-09-29,4544310,386.0,389.4,380.8,384.0
2020-09-30,3705240,382.95,387.95,381.7,383.0
2020-10-01,5605640,386.85,389.1,382.1,385.45
2020-10-02,5010190,383.5,384.2,378.1,380.45
2020-10-05,5735200,382.95,390.7,381.25,390.6
2020-10-06,4592340,392.0,395.7,389.85,390.2
2020-10-07,4112860,390.0,392.95,385.45,388.85
2020-10-08,4043080,390.0,394.2,386.1,392.5
2020-10-09,3073540,393.0,393.0,383.8,386.55
2020-10-12,4427040,386.1,387.15,382.7,384.15
2020-10-13,2537000,384.3,384.5,378.15,378.85
2020-10-14,3024710,379.0,385.95,376.4,385.4
2020-10-15,3617750,384.2,384.95,379.2,380.2
2020-10-16,3356910,378.75,384.35,377.95,382.95
2020-10-19,3105900,385.25,385.6,379.5,381.55
2020-10-20,2249100,380.1,385.5,380.0,384.6
2020-10-21,2373960,384.6,385.3,381.35,383.55
2020-10-22,2908960,382.9,384.85,380.0,381.8
2020-10-23,2407290,381.8,381.8,378.5,379.85
2020-10-26,2834990,376.8,378.0,373.6,374.55
2020-10-27,3056710,375.0,376.9,372.05,372.5
2020-10-28,9829480,371.85,371.85,350.5,350.9
2020-10-29,8015380,353.1,354.2,345.0,353.0
2020-10-30,5728580,349.0,352.35,343.6,349.8
2020-11-02,8455340,346.05,359.55,342.1,359.2
2020-11-03,8068840,360.0,376.8,358.35,374.0
2020-11-05,9371750,378.3,386.9,372.35,382.4
2020-11-06,6424710,380.25,384.7,378.15,382.35
2020-11-09,15986400,385.65,405.0,378.15,395.4
2020-11-10,11053520,395.4,418.85,392.25,414.55
2020-11-11,16144380,416.4,429.0,415.85,419.35
2020-11-12,7715290,418.0,419.65,410.55,412.3
2020-11-13,6389440,412.3,419.35,408.55,419.35
2020-11-16,12999200,425.0,435.45,415.65,430.95
2020-11-17,15122320,430.9,441.5,419.8,438.85
2020-11-18,19290660,438.0,460.0,436.25,452.9
2020-11-19,9551230,452.15,454.1,443.05,451.85
2020-11-20,13303290,450.5,465.0,446.15,464.8
2020-11-23,11212830,467.3,472.25,463.65,469.6
2020-11-24,8983210,472.5,474.9,462.3,472.2
2020-11-25,6846430,473.1,474.8,467.6,473.3
2020-11-26,5962140,473.3,473.8,463.8,464.75
2020-11-27,6127800,465.0,466.4,456.65,461.2
2020-11-30,9270330,457.0,458.0,444.6,449.5
2020-12-01,7844700,448.75,452.3,441.8,446.4
2020-12-02,6806570,445.55,451.8,439.3,448.75
2020-12-03,10753510,448.5,450.0,428.2,435.35
2020-12-04,8602710,439.8,447.3,437.0,444.8
2020-12-07,5019210,444.6,445.45,437.55,439.45
2020-12-08,7171410,437.7,438.1,426.7,432.75
2020-12-09,7638280,432.55,441.75,429.6,435.6
2020-12-10,8115030,434.9,452.15,434.5,450.9
2020-12-11,6779290,452.0,454.0,445.0,447.25
2020-12-14,10347360,449.95,459.4,438.6,441.8
2020-12-15,8233220,439.0,451.5,435.85,451.5
2020-12-16,9849100,452.0,456.4,437.5,444.4
2020-12-17,9232940,445.5,447.95,438.8,442.65
2020-12-18,8758690,441.0,443.95,438.9,440.65
2020-12-21,13037520,435.1,437.4,417.45,423.95
2020-12-22,7584660,419.0,435.45,417.75,430.7
2020-12-23,5243500,430.0,434.5,427.0,430.15
2020-12-24,3408170,431.2,438.0,429.2,436.35
2020-12-25,1041010,438.0,438.0,433.0,436.25
2020-12-28,2020880,436.25,439.95,434.35,435.65
2020-12-29,3303520,438.3,438.85,430.15,434.6
2020-12-30,5079580,436.45,438.45,433.4,435.1
2021-01-04,6405540,435.85,442.6,433.0,436.0
2021-01-05,6728320,436.0,450.7,433.3,449.35
2021-01-06,8230020,449.35,454.65,443.7,453.7
2021-01-08,12774820,465.1,481.0,463.8,478.2
2021-01-11,8794770,474.55,480.1,464.0,473.25
2021-01-12,7084430,475.0,479.2,466.25,474.4
2021-01-13,15295510,477.0,493.95,476.25,485.95
2021-01-14,15398010,485.0,505.65,484.05,505.0
2021-01-15,17894440,503.0,519.65,498.2,512.2
2021-01-18,10725300,509.95,519.0,505.25,516.5
2021-01-19,12521140,518.9,524.8,506.65,510.7
2021-01-20,4876400,510.7,514.7,507.55,510.65
2021-01-21,9254750,509.3,512.7,495.65,498.0
2021-01-22,8716870,495.0,495.0,485.0,494.25
2021-01-25,7535710,494.2,502.8,485.4,495.6
2021-01-26,4500790,492.15,498.25,488.1,493.95
2021-01-27,9582470,495.9,497.9,480.55,481.25
2021-01-28,6061580,479.85,485.65,475.0,483.4
2021-01-29,5555870,480.45,482.45,472.0,473.0
2021-02-01,6890680,475.1,478.9,469.5,478.35
2021-02-02,10412280,481.15,488.8,479.0,482.0
2021-02-03,7562080,487.75,494.2,482.15,489.95
2021-02-04,7944910,490.35,497.05,484.2,489.2
2021-02-05,7638670,492.45,496.75,490.35,493.95
2021-02-08,7754570,496.0,503.25,496.0,501.75
2021-02-09,6760660,503.8,505.0,492.4,494.8
2021-02-10,5609350,497.45,498.25,489.35,491.45
2021-02-11,6678120,490.25,501.7,488.15,496.8
2021-02-12,11948910,496.95,509.35,488.6,509.35
2021-02-15,8829940,513.0,522.45,508.2,521.45
2021-02-16,8710180,522.45,529.4,520.5,525.6
2021-02-17,11449940,525.0,528.15,505.7,515.15
2021-02-18,9701350,515.0,517.65,505.5,506.85
2021-02-19,7460830,506.0,515.15,504.0,512.75
2021-02-20,909650,512.55,514.0,509.05,513.15
2021-02-22,4533130,514.0,518.9,509.1,516.0
2021-02-24,6758820,511.7,518.7,511.15,518.25
2021-02-25,13384710,519.45,536.35,517.95,529.35
2021-02-26,10091350,525.65,533.2,520.45,523.35
2021-03-01,4875450,527.55,530.0,521.45,524.1
2021-03-02,4806100,519.5,529.85,518.85,526.0
2021-03-03,5961110,528.85,536.45,527.6,533.8
2021-03-04,12458160,535.1,549.7,533.2,540.1
2021-03-05,13678500,543.0,561.95,541.55,561.0
2021-03-09,14355410,559.0,581.45,556.0,570.6
2021-03-10,9582210,568.75,573.5,557.0,561.15
2021-03-11,9572920,563.05,572.0,563.05,572.0
2021-03-12,5964020,572.75,574.7,566.4,572.25
2021-03-15,9937060,573.15,580.75,572.0,576.4
2021-03-16,17701530,574.65,577.95,559.3,571.2
2021-03-17,15266980,570.0,574.1,551.25,555.85
2021-03-18,12381510,556.0,559.5,541.0,544.05
2021-03-19,9333040,543.0,560.95,541.6,560.3
2021-03-22,7504320,558.4,566.9,555.55,562.65
2021-03-23,8310320,560.2,573.45,556.55,565.1
2021-03-24,7812840,566.6,577.0,564.25,568.05
2021-03-25,6836330,568.65,574.7,566.45,574.65
2021-03-26,10241580,576.0,585.15,575.85,582.2
2021-03-29,8312720,579.95,584.25,572.0,575.3
2021-03-30,6153150,576.5,579.2,565.3,570.25
2021-03-31,9090060,571.15,574.95,567.1,572.6
2021-04-01,11609740,574.1,576.75,561.4,568.9
2021-04-02,1030470,568.9,569.9,565.6,566.65
2021-04-05,3143400,567.5,567.75,557.25,560.15
2021-04-06,5962740,562.25,563.15,545.45,547.55
2021-04-07,6156820,547.5,555.55,543.25,551.5
2021-04-08,4641120,549.9,554.8,545.15,549.3
2021-04-09,6280370,547.55,548.7,536.05,538.0
2021-04-12,6148360,535.0,541.35,532.5,540.15
2021-04-13,4894320,541.25,552.25,534.55,551.95
2021-04-14,5673330,556.0,556.1,546.25,552.1
2021-04-15,6292810,548.7,562.6,545.4,556.5
2021-04-16,4004590,560.1,561.4,549.2,555.05
2021-04-19,3372020,552.05,554.7,546.05,548.05
2021-04-20,5473430,549.9,553.9,537.5,541.05
2021-04-21,2816320,540.65,547.35,538.65,545.7
2021-04-22,5874370,547.0,547.0,536.6,541.6
2021-04-23,5103090,543.0,544.8,533.95,538.5
2021-04-26,5749850,537.1,537.85,527.5,530.6
2021-04-27,4251420,531.0,533.7,524.5,528.0
2021-04-28,4581390,529.0,529.75,522.1,527.95
2021-04-29,6335350,530.0,536.1,526.05,528.75
2021-04-30,5134830,528.0,529.7,521.55,525.2
2021-05-04,5110110,526.9,538.15,526.3,537.15
2021-05-05,6088920,540.0,546.8,537.05,538.65
2021-05-06,4536300,540.5,542.8,534.2,538.55
2021-05-07,3172170,540.0,541.65,533.25,536.2
2021-05-10,5096980,537.45,547.5,533.55,541.95
2021-05-11,5234470,540.0,541.6,528.6,532.0
2021-05-12,8518710,532.9,551.3,529.85,542.2
2021-05-13,6448240,540.5,552.0,539.5,550.0
2021-05-14,4101350,552.0,553.7,541.2,545.65
2021-05-17,3855920,546.95,546.95,535.9,545.55
2021-05-18,5984510,546.25,551.0,538.35,540.45
2021-05-19,4946560,539.7,539.7,526.35,529.5
2021-05-20,6586410,529.5,529.85,514.3,517.35
2021-05-21,5374100,516.8,528.55,515.3,525.55
2021-05-24,3164330,526.8,531.4,519.3,523.95
2021-05-25,3537160,525.5,530.45,523.2,524.35
2021-05-26,3751250,526.3,532.2,522.2,525.85
2021-05-27,4332820,523.0,525.2,519.8,525.2
2021-05-28,2880880,523.15,525.6,521.0,523.35
2021-05-31,2578580,525.9,531.65,524.0,531.4
2021-06-01,9957480,535.2,547.65,533.85,544.0
2021-06-02,8904690,545.95,552.45,541.6,552.0
2021-06-03,15173770,555.45,561.9,540.1,559.45
2021-06-04,8568190,560.5,563.25,554.05,556.45
2021-06-07,7112240,554.2,557.5,547.9,551.55
2021-06-08,8276890,551.0,552.25,544.6,550.25
2021-06-09,7307290,552.65,553.4,546.0,548.25
2021-06-10,13982910,548.25,551.7,535.65,539.6
2021-06-11,8149510,539.65,542.1,530.2,535.45
2021-06-14,4303320,531.6,541.85,530.7,537.6
2021-06-15,5533760,538.85,542.0,532.35,536.05
2021-06-16,6749920,537.65,545.75,536.45,541.25
2021-06-17,15043640,540.0,543.85,534.0,537.0
2021-06-18,11472730,537.5,543.4,526.75,541.0
2021-06-21,5190610,541.95,542.8,534.25,541.2
2021-06-22,7533880,543.0,553.2,542.05,551.85
2021-06-23,19205750,553.3,571.4,553.3,570.45
2021-06-24,15285040,570.4,572.9,565.05,565.95
2021-06-25,3783440,566.0,566.4,560.65,564.7
2021-06-28,7223850,564.7,564.95,553.05,555.0
2021-06-29,5994570,554.7,558.75,548.0,553.05
2021-06-30,14690150,554.9,571.8,551.7,571.2
2021-07-01,34228650,568.85,586.95,568.85,581.45
2021-07-02,13340700,580.1,585.9,562.85,567.0
2021-07-05,3914980,567.9,569.9,561.0,567.5
2021-07-06,20639390,570.0,580.55,565.35,571.0
2021-07-07,14465650,571.05,583.0,570.0,580.25
2021-07-08,13955330,579.0,582.0,572.65,581.1
2021-07-09,16854600,581.1,586.75,574.1,577.85
2021-07-12,4525370,577.0,579.4,570.5,579.0
2021-07-13,7725040,578.6,584.1,573.0,576.0
2021-07-14,15586600,576.0,582.95,568.8,569.0
2021-07-15,6020690,567.0,568.0,556.3,562.5
2021-07-16,4383120,560.6,570.4,556.85,563.45
2021-07-19,8438510,558.0,559.4,543.25,543.9
2021-07-20,5160450,547.5,550.6,536.7,547.5
2021-07-21,3754710,546.5,553.1,543.2,551.9
2021-07-22,3434370,553.0,556.25,549.35,553.65
2021-07-23,2498900,554.9,556.0,545.2,548.85
2021-07-26,3112580,546.0,552.9,540.2,552.7
2021-07-27,1969460,551.5,553.9,547.15,551.2
2021-07-28,2444740,551.0,555.7,550.5,554.25
2021-07-29,3636310,555.7,558.1,550.75,554.0
2021-07-30,5239520,552.4,554.8,539.55,544.5
2021-08-02,5239940,545.0,550.8,541.25,548.85
2021-08-03,3434570,547.7,551.0,542.2,551.0
2021-08-04,4382550,551.5,553.2,542.8,543.5
2021-08-05,5508910,542.5,548.7,538.15,548.0
2021-08-06,4443710,548.95,552.4,544.05,544.9
2021-08-09,7325750,539.6,548.0,535.25,545.0
2021-08-10,7900370,547.5,564.1,547.0,562.55
2021-08-11,4535120,564.0,568.4,558.85,561.8
2021-08-12,5489640,561.45,567.85,557.2,565.9
2021-08-13,4783880,565.4,568.7,555.0,558.55
2021-08-16,15439330,556.75,567.65,551.5,564.4
2021-08-17,9550930,562.95,563.0,552.9,555.0
2021-08-18,8539700,557.8,559.9,542.25,546.95
2021-08-19,11547530,544.0,547.75,531.45,537.8
2021-08-20,3354650,537.5,538.35,530.1,534.0
2021-08-23,3433260,538.0,545.45,536.1,544.85
2021-08-24,5427630,545.9,549.55,539.25,545.0
2021-08-25,4318590,544.5,545.75,536.55,538.5
2021-08-26,3984460,538.0,538.85,531.5,531.7
2021-08-27,3078520,533.5,538.2,533.1,537.8
2021-08-30,2558490,539.5,540.95,536.35,539.3
2021-08-31,5189550,540.0,540.4,531.55,533.6
2021-09-01,4956926,537.1,541.75,534.8,541.55
2021-09-02,10445139,542.05,556.2,538.1,550.7
2021-09-03,5483964,551.6,556.9,550.45,555.4
2021-09-06,3363696,554.95,557.15,548.2,550.7
2021-09-07,3483193,552.0,554.4,542.0,547.3
2021-09-08,7045304,547.5,559.0,541.5,555.9
2021-09-09,4385872,554.15,555.4,541.3,541.9
2021-09-10,2329724,545.0,549.2,540.2,543.3
2021-09-13,4596073,544.95,559.5,544.15,559.4
2021-09-14,7742281,560.0,563.5,554.1,557.25
2021-09-15,26552756,557.0,589.8,557.0,568.1
2021-09-16,17645321,562.0,584.3,562.0,576.45
2021-09-17,9406425,579.0,580.25,562.05,567.1
2021-09-20,8390039,560.0,562.6,548.0,552.5
2021-09-21,9046423,562.3,568.5,555.45,564.5
2021-09-22,13356364,568.3,588.9,567.0,586.0
2021-09-23,12921389,590.0,599.0,581.4,598.25
2021-09-24,12949695,598.9,618.0,590.5,614.0
2021-09-27,12981662,620.0,629.95,617.4,627.85
2021-09-28,18387624,632.35,639.9,613.5,617.85
2021-09-29,9102557,613.65,623.35,609.3,618.9
2021-09-30,10305447,624.0,626.85,610.1,614.35
2021-10-01,5790645,611.0,619.8,606.55,618.45
2021-10-04,46385511,618.45,637.0,602.75,631.7
2021-10-05,15648551,632.0,656.0,625.65,655.25
2021-10-06,16149419,660.85,663.35,631.6,646.0
2021-10-07,11235392,647.6,651.85,630.15,647.95
2021-10-08,8100391,633.65,640.0,630.1,631.0
2021-10-11,6910506,639.05,647.25,637.0,641.55
2021-10-12,4949977,637.5,643.2,633.1,638.65
2021-10-13,7486423,639.0,640.85,614.65,632.85
2021-10-14,10245939,638.0,650.0,635.2,640.45
2021-10-15,6751522,644.7,647.9,637.5,645.45
2021-10-18,5040328,646.75,647.65,637.7,639.25
2021-10-19,5666390,641.0,643.0,634.75,643.0
2021-10-20,5598282,639.65,644.7,633.5,643.7
2021-10-21,4594674,638.6,644.25,630.0,633.3
2021-10-22,3652778,630.15,640.45,630.15,634.5
2021-10-25,9397225,638.85,655.8,631.65,655.05
2021-10-26,8829531,655.45,665.7,649.3,650.8
2021-10-27,6337158,646.5,649.9,637.55,638.4
2021-10-28,8151001,637.75,642.0,622.35,641.25
2021-10-29,4389843,640.05,643.0,628.4,636.1
2021-11-01,3588960,637.3,643.25,633.0,641.9
2021-11-02,5482020,643.0,646.3,628.55,630.2
2021-11-03,5037076,627.1,627.95,615.45,619.75
2021-11-05,4556911,612.95,626.75,605.2,626.25
2021-11-08,5018395,633.05,636.5,628.35,631.7
2021-11-09,4362147,632.5,637.95,629.3,636.4
2021-11-10,5309324,638.0,642.5,627.0,629.8
2021-11-11,5635697,631.0,636.25,623.25,634.5
2021-11-12,7938082,633.6,637.4,611.4,619.2
2021-11-15,3983921,617.8,629.4,614.45,621.55
2021-11-16,3812878,625.1,629.45,617.0,621.35
2021-11-17,4422998,621.0,626.7,618.55,619.5
2021-11-18,4667408,618.05,621.95,610.25,614.1
2021-11-19,8020360,617.8,618.3,590.0,590.5
2021-11-22,12356068,589.75,593.05,572.25,581.0
2021-11-23,12193500,578.45,603.0,570.0,601.95
2021-11-24,5431688,604.3,605.0,586.2,597.3
2021-11-25,3088187,598.0,602.45,587.15,590.9
2021-11-26,9211044,578.55,578.55,555.0,555.15
2021-11-29,7689720,567.0,579.0,559.4,573.25
2021-11-30,10588357,565.0,573.25,557.0,566.1
2021-12-01,6597358,573.35,582.0,568.0,569.95
2021-12-02,10194348,571.95,583.7,567.2,582.0
2021-12-03,5534389,584.0,584.45,573.0,576.55
2021-12-06,3717596,580.0,582.0,568.6,575.55
2021-12-07,7751537,575.95,591.2,571.0,589.55
2021-12-08,8778029,591.0,595.15,569.0,574.95
2021-12-09,4300451,576.0,580.3,570.0,578.35
2021-12-10,2667983,578.4,579.45,570.05,572.1
2021-12-13,8616555,573.4,577.85,536.6,539.15
2021-12-14,9993857,538.7,557.95,503.15,550.85
2021-12-15,4992764,551.0,561.9,547.0,561.1
2021-12-16,7113498,564.0,579.65,561.95,573.0
2021-12-17,4598339,573.0,575.0,563.05,573.2
2021-12-20,3788720,567.7,569.0,555.45,567.55
2021-12-21,3340565,570.9,576.3,567.7,575.0
2021-12-22,5356645,574.95,582.2,570.55,579.7
2021-12-23,3636344,582.95,583.0,571.15,579.1
2021-12-24,2327283,578.9,579.75,564.15,572.05
2021-12-27,3257992,573.0,582.5,571.4,582.0
2021-12-28,5294675,581.2,599.1,581.2,596.2
2021-12-29,4516617,596.65,600.0,586.3,592.0
2022-01-03,3164034,599.9,614.35,598.8,610.95
2022-01-04,2374410,610.9,617.0,605.55,613.5
2022-01-05,4251726,612.2,616.2,582.8,590.3
2022-01-06,6599722,588.3,605.25,580.6,601.6
2022-01-10,5046737,604.0,609.55,595.1,602.0
2022-01-11,5415015,602.05,615.9,597.2,613.6
2022-01-12,7173824,615.0,630.6,609.25,627.7
2022-01-14,11067573,602.35,611.0,580.5,605.5
2022-01-17,10480018,605.0,614.0,578.05,592.55
2022-01-18,28062511,592.65,598.7,525.1,544.8
2022-01-19,19047499,537.0,575.4,523.1,566.9
2022-01-20,10198704,569.05,581.0,552.3,561.7
2022-01-21,12078365,556.5,579.2,553.0,564.8
2022-01-24,16390008,564.45,566.8,523.95,546.9
2022-01-25,15168633,545.0,556.0,522.7,548.4
2022-01-26,18080155,548.0,550.5,525.55,532.75
2022-01-27,16902498,530.0,578.0,526.1,563.2
2022-01-28,11505485,568.8,574.85,556.1,566.5
2022-01-31,7019548,568.0,579.9,566.25,576.95
2022-02-01,7303793,576.95,583.9,570.05,574.15
2022-02-02,4807338,576.0,580.25,568.9,575.7
2022-02-03,4483162,575.0,575.25,562.7,569.0
2022-02-04,23186423,570.35,606.75,561.2,572.0
2022-02-07,5984857,570.0,577.7,562.75,569.8
2022-02-08,7774697,569.85,574.95,563.55,570.05
2022-02-09,10680353,571.0,582.5,569.05,579.0
2022-02-10,6254547,579.0,580.25,569.0,569.4
2022-02-11,13232836,569.4,572.65,540.0,547.4
2022-02-14,11833605,547.25,562.45,532.65,556.0
2022-02-15,9419015,557.75,574.45,555.55,565.95
2022-02-16,7721726,566.8,575.8,563.85,571.55
2022-02-17,13818094,570.0,571.8,541.05,549.5
2022-02-18,17359369,550.05,556.1,513.15,519.5
2022-02-21,59640299,518.0,533.75,387.65,438.7
2022-02-22,79552638,438.65,457.0,395.8,431.3
2022-02-24,70971023,388.35,388.35,175.5,274.7
2022-03-24,18407648,312.0,375.0,308.0,360.1
2022-03-25,9973005,370.0,384.2,346.5,365.1
2022-03-28,2650920,355.0,369.0,341.2,358.2
2022-03-29,6441125,363.9,417.95,348.2,369.2
2022-03-30,2292961,390.0,392.0,375.0,386.55
2022-03-31,7611217,393.0,440.0,387.15,437.6
2022-04-01,6246314,441.0,484.0,430.35,450.25
2022-04-04,5222709,450.25,478.0,432.0,443.9
2022-04-05,5777193,445.5,451.15,391.45,420.0
2022-04-06,3838103,416.1,429.4,402.0,406.65
2022-04-07,3653379,406.95,414.0,402.0,410.3
2022-04-08,2298336,409.5,416.0,395.35,403.05
2022-04-11,5475283,403.3,427.95,399.05,413.75
2022-04-12,3108892,416.9,424.0,392.0,412.9
2022-04-13,1896604,413.2,417.5,401.55,406.25
2022-04-14,1858915,406.05,407.5,390.75,391.05
2022-04-15,1786729,392.45,395.95,380.0,390.5
2022-04-18,1663519,393.0,395.0,381.55,384.85
2022-04-19,3366521,384.85,385.25,358.5,384.75
2022-04-20,2925126,388.0,399.3,375.0,391.1
2022-04-21,1850516,393.3,398.7,385.05,388.25
2022-04-22,2555772,388.0,407.3,385.7,397.4
2022-04-25,1433671,395.0,397.0,387.75,388.7
2022-04-26,3064679,389.9,400.95,389.55,391.7
2022-04-27,3426922,394.25,409.9,390.7,398.45
2022-04-28,2664461,399.0,404.8,392.15,399.0
2022-04-29,2914034,397.15,409.9,397.05,409.0
2022-05-04,1746145,410.0,414.85,394.6,396.4
2022-05-05,870253,397.2,403.05,396.8,397.45
2022-05-06,832694,395.05,398.4,391.0,392.3
2022-05-11,989953,393.85,396.35,388.6,391.65
2022-05-12,2160687,391.55,393.25,370.5,375.2
2022-05-13,954972,379.0,379.0,367.5,374.95
2022-05-16,1394227,375.0,383.0,374.0,378.95
2022-05-17,2140280,382.9,395.4,381.1,394.5
2022-05-18,2423467,397.35,406.0,395.7,404.0
2022-05-19,911286,403.0,405.95,395.15,398.85
2022-05-20,2037862,400.35,402.7,380.3,384.25
2022-05-23,2583258,384.25,389.0,365.0,367.35
2022-05-24,3592506,366.85,367.0,350.0,360.2
2022-05-25,3705877,362.0,382.0,356.5,377.95
2022-05-26,4929530,383.5,392.55,375.7,391.6
2022-05-27,6117847,393.9,408.3,385.15,401.5
2022-05-30,6980595,407.8,414.5,381.75,385.1
2022-05-31,2664983,385.1,386.7,375.15,377.1
2022-06-01,1989328,374.4,380.35,371.0,375.95
2022-06-02,2222933,375.25,378.7,368.0,368.85
2022-06-03,2203658,369.95,371.45,360.0,365.45
2022-06-06,2853037,368.7,373.9,364.1,368.8
2022-06-07,2153551,368.8,369.0,362.05,366.55
2022-06-08,2237505,367.15,375.0,367.0,372.85
2022-06-09,1825086,377.5,378.3,367.25,373.25
2022-06-10,1494476,372.0,374.6,368.1,369.7
2022-06-14,1519480,369.6,373.6,366.0,371.6
2022-06-15,2377212,373.0,376.05,370.4,375.65
2022-06-16,5984711,376.8,389.8,375.35,381.3
2022-06-17,2396152,384.0,386.65,379.0,380.0
2022-06-20,2162264,382.3,389.8,382.1,387.35
2022-06-21,2816910,389.05,391.9,381.1,381.3
2022-06-22,2707370,380.0,380.8,371.05,377.7
2022-06-23,2266872,378.0,381.85,375.0,376.5
2022-06-24,1495276,377.9,378.7,373.8,376.1
2022-06-27,1275738,377.0,378.75,372.6,376.0
2022-06-28,2961498,377.0,385.2,373.55,381.85
2022-06-29,2924508,381.9,386.5,374.25,384.45
2022-06-30,9748439,386.0,387.35,348.05,363.0
2022-07-01,6832874,391.85,393.7,373.75,375.15
2022-07-04,2470625,376.9,380.35,367.5,371.0
2022-07-05,2647298,372.05,377.15,365.05,371.5
2022-07-06,2485084,371.55,378.7,368.4,369.65
2022-07-07,3720956,370.1,372.8,363.1,364.65
2022-07-08,5692617,343.0,356.5,343.0,354.7
2022-07-11,2412523,352.55,355.9,343.05,344.4
2022-07-12,3581763,342.85,342.9,327.6,332.65
2022-07-13,3990026,334.45,335.45,317.1,321.2
2022-07-14,3528461,320.0,324.75,311.5,315.8
2022-07-18,2778332,334.1,334.55,322.2,326.3
2022-07-19,1954556,325.95,327.2,316.25,321.25
2022-07-20,3149662,322.0,333.75,319.65,329.85
2022-07-21,2400755,330.15,332.9,318.55,328.35
2022-07-22,3933221,329.4,341.45,328.5,339.9
2022-07-25,2019634,338.8,342.2,335.0,337.0
2022-07-26,2850215,339.5,347.0,338.05,346.35
2022-07-27,2825911,347.0,352.5,345.05,348.65
2022-07-28,2276723,349.45,351.65,340.2,344.45
2022-07-29,4179795,343.0,354.55,341.7,353.0
2022-08-01,4268232,354.4,354.45,345.4,348.05
2022-08-02,3335172,346.25,347.95,334.0,335.95
2022-08-03,2721480,337.0,338.95,329.0,331.1
2022-08-04,2360496,330.15,330.3,323.0,325.4
2022-08-05,3256627,325.25,327.0,316.1,322.75
2022-08-08,2677228,331.5,332.7,324.25,327.35
2022-08-09,2740893,327.35,340.3,324.1,339.35
2022-08-10,2095869,339.95,340.7,335.0,338.3
2022-08-11,2535543,341.1,342.8,333.0,333.5
2022-08-12,1385223,332.8,337.3,330.65,336.2
2022-08-15,1565905,336.0,338.0,332.55,335.9
2022-08-16,4035259,337.0,349.45,335.65,347.65
2022-08-17,2333900,348.95,351.0,342.85,344.3
2022-08-18,1567767,344.0,347.45,341.6,347.1
2022-08-19,1069905,346.4,347.15,343.15,344.8
2022-08-22,1994491,344.4,349.6,343.6,349.5
2022-08-23,3373962,349.0,356.3,347.15,356.0
2022-08-24,2537196,356.55,359.45,356.0,358.2
2022-08-25,2195408,358.9,360.0,353.2,355.6
2022-08-26,1573633,356.25,361.9,354.45,361.2
2022-08-29,2625832,361.75,368.95,361.1,368.0
2022-08-30,3837220,367.95,370.0,360.5,361.25
2022-08-31,5349824,372.0,381.4,364.5,368.3
2022-09-01,5067381,368.0,374.0,361.8,373.5
2022-09-02,8656390,375.0,389.95,373.5,383.45
2022-09-05,4109540,387.0,387.75,372.0,385.1
2022-09-06,8060428,384.95,385.85,362.0,376.45
2022-09-07,5290945,374.85,382.85,368.0,375.3
2022-09-08,2764815,375.1,376.0,368.25,374.35
2022-09-09,3850302,375.0,378.8,371.55,377.5
2022-09-12,3698146,377.55,383.75,374.7,379.4
2022-09-13,2622798,380.55,381.25,372.05,373.4
2022-09-14,3978478,373.0,377.5,366.9,375.75
2022-09-15,14046443,377.0,382.9,364.0,367.3
2022-09-16,7946593,367.2,367.2,358.3,359.05
2022-09-19,3384090,356.9,362.9,355.1,358.25
2022-09-20,18179968,356.7,357.8,313.05,330.9
2022-09-21,12482054,293.4,323.6,278.2,312.55
2022-09-22,6837974,312.55,323.5,309.6,315.5
2022-09-23,8332681,315.5,315.55,293.05,296.7
2022-09-26,14885762,289.95,289.95,252.2,257.9
2022-09-27,9523997,263.0,270.55,255.0,266.95
2022-09-28,6332416,266.0,272.0,257.55,263.0
2022-09-29,8578846,263.0,266.45,249.5,256.05
2022-09-30,9072697,258.05,269.9,245.65,264.05
2022-10-03,8554091,266.15,287.9,265.25,287.9
2022-10-04,8388426,290.0,292.3,276.2,283.75
2022-10-05,13133822,283.35,289.35,265.1,283.0
2022-10-06,8280093,285.0,295.95,281.65,286.8
2022-10-07,8097460,285.0,287.2,268.5,269.0
2022-10-10,8384617,259.05,279.0,259.05,277.85
2022-10-11,4618371,278.15,288.0,276.2,287.3
2022-10-12,5578035,288.3,294.2,281.05,292.0
2022-10-13,6551518,292.0,299.6,290.35,298.8
2022-10-14,5752922,300.0,302.8,292.25,299.55
2022-10-17,7384310,300.0,314.5,298.05,313.45
2022-10-18,6870049,315.95,316.6,302.9,305.45
2022-10-19,6089758,302.5,309.5,298.25,307.95
2022-10-20,4748049,309.8,314.0,306.2,310.85
2022-10-21,3572774,310.8,312.9,305.05,311.3
2022-10-24,3006985,313.0,316.55,311.35,313.6
2022-10-25,8605734,312.9,332.4,312.25,332.4
2022-10-26,10317056,333.0,342.4,326.15,340.65
2022-10-27,8425252,341.95,347.95,337.7,343.85
2022-10-28,5188050,342.2,344.55,338.2,341.8
2022-10-31,6390418,341.85,342.95,331.25,333.9
2022-11-01,3212050,334.8,335.95,330.05,332.35
2022-11-02,4336878,333.1,339.7,330.5,333.7
2022-11-03,4014344,333.5,335.85,328.85,335.0
2022-11-07,12072626,338.0,357.45,337.3,356.7
2022-11-08,6712486,356.8,359.2,349.3,351.95
2022-11-09,5664714,350.0,353.1,346.15,348.6
2022-11-10,5938779,348.5,359.85,348.0,358.25
2022-11-11,8644001,360.0,363.5,350.0,356.95
2022-11-14,6922459,357.7,358.6,348.35,350.85
2022-11-15,7671493,350.5,351.0,326.75,338.4
2022-11-16,3561778,339.95,344.95,338.5,342.5
2022-11-17,3693834,342.5,343.4,335.2,336.95
2022-11-18,2575464,336.7,338.4,332.85,336.9
2022-11-21,6247285,335.6,336.1,324.8,331.85
2022-11-22,3800904,331.9,337.1,330.4,334.95
2022-11-23,3931550,335.8,339.5,331.25,337.95
2022-11-24,2219799,338.25,339.2,333.75,334.75
2022-11-25,1948117,334.1,337.0,332.4,335.9
2022-11-28,4286219,332.8,334.8,328.05,333.2
2022-11-29,1721300,335.2,337.5,333.6,335.9
2022-11-30,1229927,336.2,336.6,334.15,336.25
2022-12-01,1980527,336.5,338.35,334.85,335.9
2022-12-02,1038146,336.0,336.35,334.2,335.0
2022-12-05,4047744,334.95,344.7,333.25,340.45
2022-12-06,1937120,341.6,343.3,335.25,336.0
2022-12-07,3300935,335.7,337.0,330.5,335.1
2022-12-08,1120561,336.0,336.95,333.15,333.7
2022-12-09,1418948,333.8,337.0,333.35,336.15
2022-12-12,1587264,336.2,339.7,333.0,335.2
2022-12-13,1235783,335.95,337.95,334.05,337.4
2022-12-14,1409300,337.55,337.9,333.05,333.5
2022-12-15,2224739,333.9,334.0,327.4,328.0
2022-12-16,1598226,328.0,331.95,326.05,330.9
2022-12-19,1980951,330.95,337.0,329.1,333.0
2022-12-20,3294125,334.8,345.2,333.1,344.15
2022-12-21,3029856,346.0,348.0,340.35,345.2
2022-12-22,2018793,346.2,348.2,343.15,344.7
2022-12-23,1399755,345.0,346.25,340.3,343.3
2022-12-26,3576644,343.7,353.15,343.7,352.4
2022-12-27,2138946,353.15,356.3,352.5,355.45
2022-12-28,1788879,355.5,356.65,353.9,355.1
2022-12-29,2429180,354.25,360.65,354.05,359.6
2022-12-30,2512307,360.45,365.75,359.15,365.4
2023-01-03,2643653,367.95,372.75,366.2,368.05
2023-01-04,1805528,366.5,367.6,363.25,365.8
2023-01-05,1325831,367.2,369.0,365.8,367.5
2023-01-06,938436,368.0,368.5,366.75,367.3
2023-01-09,4351231,368.2,369.7,366.05,367.95
2023-01-10,5593572,367.3,368.0,362.2,366.75
2023-01-11,8210663,347.6,350.5,345.0,347.35
2023-01-12,1530649,347.2,347.8,345.6,346.85
2023-01-13,1410265,346.0,347.0,345.35,346.05
2023-01-16,1712033,346.45,347.6,345.05,345.8
2023-01-17,2008466,345.7,345.9,340.3,341.35
2023-01-18,2042642,340.35,345.9,340.15,344.15
2023-01-19,1693494,343.3,343.85,339.0,339.8
2023-01-20,2291895,339.9,340.45,334.5,336.55
2023-01-23,1157821,338.5,340.25,336.2,340.05
2023-01-24,1842595,340.95,343.0,335.8,336.75
2023-01-25,1289489,336.55,338.8,335.4,338.2
2023-01-26,2094299,338.4,339.2,334.1,335.0
2023-01-27,1452416,334.9,337.8,333.4,336.95
2023-01-30,1340203,337.1,338.7,335.5,337.65
2023-01-31,2100646,337.1,340.9,337.1,340.75
2023-02-01,2824423,340.95,344.4,340.9,343.0
2023-02-02,1679683,344.3,344.95,341.45,342.1
2023-02-03,1675134,342.0,343.75,339.0,341.85
2023-02-06,2997448,341.5,347.95,341.1,347.1
2023-02-07,5389845,348.0,358.15,346.75,355.25
2023-02-08,4779204,355.6,359.35,348.05,349.85
2023-02-09,2690042,359.25,359.3,347.05,350.2
2023-02-10,1620455,349.1,351.8,347.3,351.0
2023-02-13,1657489,350.25,355.0,349.2,349.4
2023-02-14,3195263,349.9,350.4,343.5,344.2
2023-02-15,3436125,343.05,346.0,334.4,339.6
2023-02-16,1708870,341.25,344.95,340.55,342.55
2023-02-17,1786186,341.2,346.8,339.4,345.1
2023-02-21,3530968,347.1,354.6,347.0,352.65
2023-02-22,1609305,352.65,354.65,349.4,353.75
2023-02-24,1165938,354.1,355.65,350.15,352.45
2023-02-27,2348863,350.3,359.0,350.3,357.75
2023-02-28,2611622,357.75,361.35,356.35,358.4
2023-03-01,2680417,359.1,364.45,358.6,361.4
2023-03-02,3623800,361.7,361.9,354.15,355.05
2023-03-03,1636611,354.2,359.6,354.2,358.8
2023-03-06,2482957,361.9,365.95,359.8,365.35
2023-03-07,2056313,365.35,366.0,362.75,364.3
2023-03-09,1638130,365.0,366.45,362.65,364.0
2023-03-10,2272085,363.0,366.55,359.55,365.9
2023-03-13,3132965,366.2,368.25,360.05,363.5
2023-03-14,2803166,362.4,371.0,362.0,364.55
2023-03-15,3639368,365.0,367.9,355.5,357.95
2023-03-16,2208146,356.25,359.5,353.2,359.2
2023-03-17,4452974,360.3,366.0,357.25,365.2
2023-03-20,6769923,366.3,380.0,364.65,377.4
2023-03-21,6554295,379.5,384.7,367.65,371.8
2023-03-22,3346310,371.0,379.7,368.25,375.5
2023-03-23,1746571,375.7,378.05,371.8,374.45
2023-03-24,1230966,375.1,378.0,373.4,377.25
2023-03-27,2928598,378.95,384.95,377.65,383.25
2023-03-28,2270117,384.2,384.55,377.65,381.5
2023-03-29,3176687,383.0,386.65,378.15,385.45
2023-03-30,1701207,385.55,387.85,383.0,386.15
2023-03-31,3101882,386.95,386.95,376.1,380.9
2023-04-03,6386926,393.8,396.0,388.1,390.9
2023-04-04,3245886,391.9,394.1,387.25,390.0
2023-04-05,2653529,390.3,391.95,382.15,389.7
2023-04-06,2661881,390.0,393.4,388.6,389.8
2023-04-07,1794366,390.75,392.2,386.65,391.7
2023-04-10,2516249,391.75,395.45,391.2,393.5
2023-04-11,3450707,395.0,397.45,385.1,388.35
2023-04-12,1483006,388.5,391.9,388.1,390.9
2023-04-13,1103838,391.75,391.8,387.3,390.1
2023-04-14,2199947,389.95,394.0,385.25,392.4
2023-04-17,2083987,395.0,395.95,392.6,395.85
2023-04-18,2307018,396.0,398.85,393.85,397.0
2023-04-19,4246676,397.3,402.95,394.9,396.1
2023-04-20,3423777,395.75,399.0,390.05,396.5
2023-04-21,1856130,397.8,401.0,394.55,398.75
2023-04-24,1470849,398.0,400.95,396.8,400.4
2023-04-25,1330774,399.8,400.75,395.0,396.45
2023-04-26,1231944,396.15,399.5,395.45,395.75
2023-04-27,1298205,396.0,398.6,394.35,398.25
2023-04-28,2148857,398.9,399.75,393.3,393.8
2023-05-02,2596818,393.8,395.8,387.5,390.0
2023-05-03,2929961,390.0,390.15,377.05,378.0
2023-05-04,1921550,378.45,382.1,376.0,379.95
2023-05-05,1812937,379.5,383.0,376.0,378.65
2023-05-08,678275,379.9,382.6,378.75,381.1
2023-05-10,2258482,381.0,393.45,380.05,392.1
2023-05-11,4194733,392.5,398.95,387.4,391.65
2023-05-12,2479086,391.8,398.95,390.7,398.95
2023-05-15,4928073,399.0,409.0,397.15,407.85
2023-05-16,3077580,409.0,413.8,405.25,410.75
2023-05-17,2880527,410.75,418.95,406.05,414.8
2023-05-18,2801715,416.0,417.0,411.25,414.1
2023-05-19,2380757,414.25,415.95,410.15,413.65
2023-05-22,4221302,417.0,428.35,414.2,424.5
2023-05-23,3057676,425.15,427.85,419.4,424.8
2023-05-24,5455339,425.1,440.0,422.9,436.0
2023-05-25,5216165,437.85,438.7,428.55,430.15
2023-05-26,3227713,428.85,434.65,425.3,432.9
2023-05-29,4304091,435.85,441.7,435.0,440.45
2023-05-30,6084172,438.0,444.5,431.0,434.5
2023-05-31,9676896,432.75,451.75,431.3,450.1
2023-06-01,5638696,452.0,458.85,448.0,451.5
2023-06-02,3265472,453.5,459.0,452.3,458.95
2023-06-05,7192545,466.5,472.45,454.5,458.6
2023-06-06,3970344,457.35,464.9,449.25,462.1
2023-06-07,3229091,462.15,467.95,455.8,459.85
2023-06-08,1756416,460.0,463.8,456.0,458.15
2023-06-09,2771319,459.0,464.25,456.75,463.5
2023-06-13,5960065,465.5,480.0,464.7,479.85
2023-06-14,3831121,482.0,482.85,475.2,478.4
2023-06-15,4199476,479.2,482.0,475.5,481.75
2023-06-16,2320968,482.2,483.7,477.3,480.4
2023-06-19,3952683,482.5,486.4,478.0,485.85
2023-06-20,3794972,487.0,489.65,475.65,483.4
2023-06-21,2010884,481.9,485.7,478.8,481.35
2023-06-22,2311440,481.5,482.95,470.55,475.45
2023-06-23,5057130,474.35,481.0,466.1,467.55
2023-06-26,3847536,470.1,479.35,463.95,474.4
2023-06-27,3141927,476.15,480.0,470.45,475.85
2023-06-28,1830959,476.15,478.95,474.15,477.05
2023-06-29,3361222,477.15,483.8,477.0,482.1
2023-06-30,1746703,482.7,484.5,480.7,482.35
2023-07-03,2570970,483.6,484.5,476.55,478.05
2023-07-04,2833902,478.1,479.15,467.6,473.4
2023-07-05,2549027,474.25,478.5,472.25,473.9
2023-07-06,3402404,473.35,480.0,473.35,476.75
2023-07-07,4041779,475.55,482.95,474.5,482.4
2023-07-10,4601696,470.0,477.95,470.0,477.45
2023-07-11,1455224,477.5,479.45,475.75,478.8
2023-07-12,4933142,477.5,487.85,477.5,487.05
2023-07-13,4492073,489.25,495.8,482.3,488.4
2023-07-14,1898938,487.25,489.95,484.3,487.65
2023-07-17,2952898,485.95,491.8,484.0,489.3
2023-07-18,2398976,489.3,492.6,488.6,490.15
2023-07-19,2572971,490.95,492.05,482.55,485.95
2023-07-20,2903286,485.95,487.0,475.0,475.1
2023-07-21,2828016,475.5,483.95,475.35,483.2
2023-07-24,1657519,483.2,484.5,480.0,481.6
2023-07-25,3238712,482.55,492.2,481.45,489.15
2023-07-26,2057160,488.95,491.3,486.15,486.9
2023-07-27,2341860,487.5,494.95,487.5,493.75
2023-07-28,3925034,493.8,501.0,492.4,500.65
2023-07-31,3868807,502.65,510.0,502.1,508.75
2023-08-01,5161679,510.0,518.7,502.6,516.7
2023-08-02,4559768,517.5,523.8,512.05,522.95
2023-08-03,3166505,522.75,528.95,518.6,526.7
2023-08-04,6546405,527.6,539.15,511.5,521.95
2023-08-07,6451666,526.0,540.8,518.2,524.6
2023-08-08,2864033,523.8,528.4,517.55,527.9
2023-08-09,2729513,529.0,533.95,525.3,533.2
2023-08-10,2142296,534.4,537.9,532.5,535.2
2023-08-11,5881485,536.15,549.6,530.15,549.0
2023-08-14,10364274,551.0,565.0,536.6,539.75
2023-08-15,8516492,537.05,560.85,531.0,546.3
2023-08-16,6239315,546.3,550.8,523.7,532.95
2023-08-17,4620505,539.0,544.9,532.0,544.45
2023-08-18,2583363,544.0,548.65,540.15,548.2
2023-08-21,2210109,549.0,553.0,545.05,547.45
2023-08-22,2560556,548.0,550.45,542.3,549.5
2023-08-23,4535376,549.55,551.0,529.55,534.5
2023-08-24,1958712,537.0,541.5,533.35,539.8
2023-08-25,1546465,541.0,541.5,536.2,538.85
2023-08-28,2733712,540.05,546.0,537.5,545.55
2023-08-29,4401756,545.35,559.3,539.05,558.3
2023-08-30,6167526,562.0,564.4,550.65,556.9
2023-08-31,2579148,557.1,558.45,553.55,556.15
2023-09-01,2653686,556.5,559.65,553.05,559.15
2023-09-04,4194716,559.95,568.8,559.9,567.25
2023-09-05,6406793,568.0,575.75,565.05,574.4
2023-09-06,4784201,574.5,582.25,570.15,578.8
2023-09-07,7017316,578.8,584.0,555.25,564.6
2023-09-08,3261457,564.5,567.45,552.6,557.95
2023-09-11,4187326,557.5,558.25,542.05,549.1
2023-09-12,3062266,551.9,562.8,551.7,562.0
2023-09-13,1808550,563.4,563.45,553.0,555.15
2023-09-14,3342450,555.15,559.0,541.2,556.3
2023-09-15,3234739,556.55,563.0,551.7,562.8
2023-09-18,2851153,565.0,570.9,556.1,557.1
2023-09-19,3686091,558.6,559.95,542.95,544.0
2023-09-20,9824200,544.0,549.7,527.35,529.35
2023-09-21,15090715,528.0,528.0,504.2,508.0
2023-09-22,11597068,510.0,515.8,497.75,513.9
2023-09-25,5799688,513.9,523.0,510.0,520.65
2023-09-26,4187848,518.95,519.9,508.15,517.85
2023-09-27,5004800,520.3,531.25,519.4,529.95
2023-09-28,3956580,531.4,537.0,530.5,535.7
2023-09-29,3187176,536.0,539.4,532.3,537.0
2023-10-02,4053827,538.5,544.35,534.55,535.55
2023-10-03,3202852,534.65,540.65,526.9,538.9
2023-10-04,3438309,538.2,543.25,533.6,533.95
2023-10-05,2498335,536.0,539.6,530.3,534.7
2023-10-06,2961059,534.5,537.65,530.0,534.2
2023-10-09,6967992,541.1,553.2,538.6,552.5
2023-10-10,2946699,552.0,554.5,547.05,549.0
2023-10-11,6376794,549.5,559.65,537.3,540.35
2023-10-12,4066793,538.4,548.7,535.0,546.05
2023-10-13,4973328,546.65,562.0,545.4,561.85
2023-10-16,5076954,564.0,569.95,561.05,568.65
2023-10-17,4295747,568.85,574.5,563.15,573.05
2023-10-18,9706146,574.95,589.9,573.55,586.8
2023-10-19,5963953,586.0,596.25,580.55,595.25
2023-10-20,7898736,596.0,605.25,586.7,602.9
2023-10-23,6000105,600.1,607.8,590.35,593.3
2023-10-24,3869764,593.0,593.2,584.5,586.2
2023-10-25,4242769,585.0,593.4,580.7,590.5
2023-10-26,3477671,590.5,594.5,582.65,583.0
2023-10-27,6836907,584.5,597.95,576.0,594.6
2023-10-30,2826259,593.25,593.25,586.15,587.2
2023-10-31,4771075,586.0,588.4,571.4,574.55
2023-11-01,4126340,574.0,586.3,573.7,579.5
2023-11-02,3432312,581.3,589.75,580.75,586.25
2023-11-03,3693322,588.4,590.0,577.8,581.5
2023-11-06,1893451,582.5,589.0,580.6,588.95
2023-11-07,2211960,588.6,589.0,583.6,583.95
2023-11-08,2315948,583.95,587.85,581.05,581.65
2023-11-09,3373607,581.4,587.55,576.0,583.1
2023-11-10,9601177,583.4,601.45,583.0,598.3
2023-11-13,4317581,600.0,601.85,593.75,598.3
2023-11-14,4653735,597.8,598.95,581.35,591.3
2023-11-15,5268513,589.9,590.7,580.1,585.0
2023-11-16,3579808,583.5,587.0,570.35,572.75
2023-11-17,4832114,572.55,583.4,568.55,583.3
2023-11-20,2183257,584.5,586.15,579.85,581.5
2023-11-22,2722059,582.75,586.6,580.05,581.75
2023-11-23,1298090,581.6,582.7,580.0,580.8
2023-11-24,3449893,581.2,584.5,571.5,578.85
2023-11-27,2731793,578.2,583.85,574.5,578.0
2023-11-28,3429134,576.0,589.9,573.0,589.9
2023-11-29,3570342,589.9,594.0,583.45,593.45
2023-11-30,5645836,598.0,598.0,582.05,584.3
2023-12-01,2625750,583.5,584.05,574.05,575.15
2023-12-04,3385782,573.85,574.9,562.15,565.0
2023-12-05,2249090,567.1,576.75,563.0,574.35
2023-12-06,2262240,574.8,575.8,563.0,565.55
2023-12-07,4015589,564.5,570.65,558.5,560.6
2023-12-08,1606316,563.0,567.15,560.0,564.7
2023-12-11,2440767,564.7,568.0,553.55,555.0
2023-12-12,2542798,554.55,557.4,545.05,549.55
2023-12-13,1743135,546.0,556.55,544.3,555.85
2023-12-14,3418325,557.4,558.6,535.65,535.7
2023-12-15,3949304,535.5,563.0,535.5,561.5
2023-12-18,3630477,568.3,569.5,563.1,566.65
2023-12-19,3118813,566.65,574.8,564.25,574.0
2023-12-20,3382309,574.25,584.9,573.2,578.6
2023-12-21,2984797,581.2,581.2,569.5,577.1
2023-12-22,2581816,580.0,585.45,578.15,583.75
2023-12-25,1694085,585.85,588.45,580.0,584.45
2023-12-26,2232310,585.0,592.0,583.0,589.3
2023-12-27,2902895,590.45,596.65,589.5,594.55
2023-12-28,1830269,596.7,596.7,589.1,591.9
2023-12-29,1878824,591.6,595.25,586.35,593.2
2024-01-03,1945771,595.6,604.0,594.75,604.0
2024-01-04,1193768,605.8,605.8,600.5,601.15
2024-01-05,1964815,602.6,605.55,599.0,604.05
2024-01-08,1806126,605.15,606.95,600.5,602.3
2024-01-09,3249471,603.15,603.75,597.85,600.55
2024-01-10,5087676,598.1,601.95,598.1,601.0
2024-01-11,9771283,574.05,582.15,571.0,579.6
2024-01-12,5405470,584.0,589.9,580.85,584.2
2024-01-15,2573506,585.0,587.9,579.6,581.4
2024-01-16,1580870,582.75,582.75,577.15,578.4
2024-01-17,3911748,578.05,580.75,569.8,574.75
2024-01-18,2081619,575.8,578.15,571.85,573.95
2024-01-19,2645181,573.95,577.6,570.6,574.95
2024-01-22,1873302,575.2,579.7,575.2,577.95
2024-01-23,1421415,578.95,580.5,576.5,579.9
2024-01-24,1844368,580.35,582.15,572.1,575.75
2024-01-25,1874962,573.85,576.0,572.6,574.65
2024-01-26,1547572,577.0,577.65,572.35,573.9
2024-01-29,3555435,574.5,580.45,573.0,575.75
2024-01-30,2241184,576.35,578.45,572.6,573.95
2024-01-31,3281866,574.3,576.5,572.0,575.0
2024-02-01,4626022,575.5,582.0,574.0,576.5
2024-02-02,5216251,577.0,584.95,574.5,583.95
2024-02-05,5224734,584.05,592.95,584.05,592.0
2024-02-06,2085502,593.0,593.75,590.5,593.55
2024-02-07,4035754,593.7,595.7,588.8,589.7
2024-02-08,3316157,586.05,591.4,580.0,587.75
2024-02-09,2553528,587.8,592.9,586.6,589.75
2024-02-12,2669101,590.1,592.35,585.0,588.95
2024-02-13,2388838,590.0,593.45,589.55,592.75
2024-02-14,1938191,593.75,594.65,589.65,590.05
2024-02-15,2645626,590.0,591.6,587.55,589.15
2024-02-16,4191003,590.05,591.0,582.4,585.5
2024-02-19,2552097,585.6,589.5,581.55,586.25
2024-02-20,5164767,586.0,586.05,570.2,572.1
2024-02-21,6696796,572.1,576.75,560.25,562.35
2024-02-22,2744549,564.45,565.75,558.5,562.35
2024-02-27,3492074,575.5,575.55,566.05,568.2
2024-02-28,2564104,566.95,570.35,565.25,568.5
2024-02-29,3611798,568.5,580.5,567.0,578.0
2024-03-04,2064777,578.9,583.6,578.55,582.5
2024-03-05,2703486,582.6,588.8,579.5,585.55
2024-03-06,1875663,585.7,589.95,584.5,585.15
2024-03-07,1431702,585.0,589.8,583.1,589.45
2024-03-11,1925221,589.6,592.5,587.05,588.35
2024-03-12,1811625,588.6,589.0,585.05,588.25
2024-03-13,2723687,586.1,588.35,580.7,581.45
2024-03-14,2576036,581.0,586.0,577.8,584.0
2024-03-15,1768650,583.0,587.15,579.6,584.2
2024-03-18,1290890,584.0,586.45,581.55,583.1
2024-03-19,15172575,582.85,583.7,556.3,565.35
2024-03-20,15832545,565.35,566.55,551.2,560.3
2024-03-21,13589092,561.3,575.0,557.25,562.8
2024-03-22,10052432,562.85,563.95,551.0,554.2
2024-03-25,8585063,556.7,559.85,548.5,558.05
2024-03-26,4720207,559.0,559.0,554.15,556.1
2024-03-27,3623708,556.1,557.5,551.25,555.4
2024-03-28,8154564,557.0,565.8,555.75,565.75
2024-03-29,5575648,567.6,569.4,563.5,565.75
2024-04-01,8194319,568.0,573.55,566.8,568.85
2024-04-02,4834554,570.0,574.5,567.5,572.9
2024-04-03,4829568,573.1,579.0,572.0,576.9
2024-04-04,3924251,577.75,580.0,575.65,578.05
2024-04-05,3300134,578.85,579.65,574.0,576.1
2024-04-08,3298221,576.3,579.75,571.55,574.5
2024-04-09,4663495,574.5,576.2,565.75,568.4
2024-04-10,2487296,568.5,574.5,565.6,573.2
2024-04-11,3772702,573.2,579.0,573.2,575.25
2024-04-12,3152068,576.0,579.5,575.9,576.15
2024-04-15,7079255,578.95,589.85,578.1,589.75
2024-04-16,5290388,590.0,592.5,585.7,589.1
2024-04-17,3814643,589.15,590.75,581.3,584.35
2024-04-18,3808318,583.85,585.85,576.55,579.15
2024-04-19,3507875,582.0,588.4,578.05,585.35
2024-04-22,3191089,586.7,589.4,581.0,583.15
2024-04-23,3699539,583.85,589.0,580.25,580.85
2024-04-24,2968087,582.35,583.4,572.0,576.3
2024-04-25,2269626,577.0,581.25,573.0,579.8
2024-04-26,2194810,579.95,584.9,578.6,581.3
2024-04-27,1382302,581.0,584.5,581.0,581.2
2024-04-29,882950,581.8,583.95,581.35,583.15
2024-04-30,632716,583.15,583.65,581.3,582.0
2024-05-03,2302837,582.75,586.4,582.0,582.3
2024-05-06,2443510,582.0,586.15,578.65,579.05
2024-05-07,1688537,579.15,584.35,579.15,579.95
2024-05-08,1292162,580.3,582.0,578.2,578.5
2024-05-10,1159220,579.0,582.5,578.55,579.4
2024-05-13,4761120,580.25,590.0,579.0,589.45
2024-05-14,4215772,590.0,594.0,588.3,589.8
2024-05-15,7144102,590.75,599.3,589.3,599.2
2024-05-16,4645547,599.5,600.0,590.05,592.6
2024-05-17,3460602,592.8,596.7,590.5,591.95
2024-05-20,4649647,594.0,596.35,580.1,591.9
2024-05-21,4313502,592.0,597.5,586.6,594.6
2024-05-22,3748577,593.9,597.25,591.75,596.85
2024-05-23,3555763,595.7,596.65,590.0,593.15
2024-05-24,3990201,593.6,594.45,582.3,585.1
2024-05-27,7407211,585.0,588.0,568.4,578.25
2024-05-28,4392068,578.8,585.0,567.0,573.0
2024-05-29,2622447,573.95,580.0,571.0,575.65
2024-05-30,5592247,577.65,581.15,553.95,566.4
2024-05-31,6164219,570.0,572.0,555.0,556.65
2024-06-03,7578912,557.0,564.7,542.5,562.95
2024-06-04,5282965,563.1,571.0,555.55,568.95
2024-06-05,5054761,570.05,575.0,559.65,562.2
2024-06-06,2240679,563.9,569.8,561.25,566.3
2024-06-07,3339099,567.3,575.95,565.3,571.65
2024-06-10,2700282,573.9,575.7,560.0,563.25
2024-06-11,1892882,562.7,563.5,556.5,562.85
2024-06-13,4384243,530.5,560.0,525.0,555.5
2024-06-14,3295509,556.0,569.9,552.1,565.1
2024-06-17,2835643,569.85,573.4,563.1,566.7
2024-06-18,2782506,566.7,567.65,553.4,554.45
2024-06-19,4682057,553.9,558.7,532.5,536.0
2024-06-20,7999562,537.0,559.0,524.0,555.0
2024-06-21,2974414,556.15,562.85,545.45,550.05
2024-06-24,2058463,551.0,555.95,544.0,547.45
2024-06-25,2786893,547.45,559.0,543.1,558.5
2024-06-26,1996053,559.2,562.45,557.0,561.2
2024-06-27,1703291,562.0,565.0,556.2,559.8
2024-06-28,1455429,560.2,565.65,559.65,565.25
2024-07-01,3039977,566.35,578.5,562.0,576.9
2024-07-02,2994694,577.05,579.6,571.7,573.0
2024-07-03,2452574,574.8,577.5,570.75,573.9
2024-07-04,3119545,574.25,575.45,558.7,561.35
2024-07-05,3340492,561.15,564.3,554.45,555.85
2024-07-08,5292441,555.85,566.05,555.6,560.1
2024-07-09,10551555,536.0,540.25,524.6,524.6
2024-07-10,8069242,524.5,526.45,500.05,502.5
2024-07-11,4755570,503.0,526.9,503.0,526.7
2024-07-12,2746621,528.8,531.0,520.1,527.4
2024-07-15,6120047,529.0,529.85,501.05,508.0
2024-07-16,5448563,505.0,519.1,503.7,516.9
2024-07-17,4007774,517.05,518.75,507.25,510.45
2024-07-18,3074149,511.45,518.2,508.05,517.25
2024-07-19,2593866,517.35,527.8,515.75,524.15
2024-07-22,3730819,527.5,535.0,526.05,531.85
2024-07-23,1340983,533.95,534.8,526.1,530.55
2024-07-24,2224027,532.0,537.65,529.1,532.25
2024-07-25,1537179,532.25,535.5,530.05,532.45
2024-07-26,4861293,532.5,538.7,518.75,521.4
2024-07-29,3899378,519.95,519.95,500.0,503.2
2024-07-30,4486792,501.0,514.0,496.2,513.95
2024-07-31,2104428,517.0,518.2,510.2,515.95
2024-08-01,2738463,516.0,518.0,505.0,506.4
2024-08-02,2297403,507.0,510.45,503.0,504.8
2024-08-05,5340313,498.0,502.75,490.1,493.9
2024-08-06,2468513,496.6,502.0,491.75,496.15
2024-08-07,4174404,496.15,512.45,491.3,508.45
2024-08-08,2492871,509.2,514.2,501.7,503.2
2024-08-09,1526088,503.2,509.5,501.55,505.7
2024-08-12,6388120,505.7,505.7,494.5,501.7
2024-08-13,3067178,500.9,506.5,499.7,502.5
2024-08-14,3472937,503.0,506.3,494.95,495.8
2024-08-15,1741554,496.2,498.45,493.15,493.75
2024-08-16,2085237,494.2,496.55,488.25,489.7
2024-08-19,3363736,490.35,493.5,481.6,483.7
2024-08-20,3380235,483.7,488.95,479.5,481.5
2024-08-21,3804916,482.5,485.35,478.5,480.95
2024-08-22,3386322,481.1,482.5,474.1,475.8
2024-08-23,3774407,475.85,479.25,470.6,478.75
2024-08-26,3724028,486.5,490.15,481.1,489.55
2024-08-27,2758692,489.85,491.45,475.75,477.5
2024-08-28,4857838,477.5,479.15,458.5,479.05
2024-08-29,3815305,480.0,484.0,473.9,482.95
2024-08-30,6647038,485.95,489.2,473.2,475.85
2024-09-02,7183728,473.2,474.8,450.25,455.05
2024-09-03,8088081,456.05,471.7,452.85,468.85
2024-09-04,5761554,468.0,483.55,464.0,477.75
2024-09-05,3723759,480.35,486.75,474.75,477.15
2024-09-06,2094811,477.15,484.75,475.0,479.1
2024-09-09,3006353,479.9,494.2,479.85,493.8
2024-09-10,4009069,494.2,496.25,476.2,482.35
2024-09-11,3210223,482.45,489.5,475.35,477.75
2024-09-12,3697385,478.55,489.85,474.1,488.45
2024-09-13,4976602,488.4,498.5,478.0,498.0
2024-09-16,5157625,500.8,516.5,498.3,516.3
2024-09-17,3071106,518.75,519.5,508.3,517.95
2024-09-18,2683861,517.95,519.9,506.15,510.25
2024-09-19,2818902,511.35,516.2,507.2,512.55
2024-09-20,6630217,512.5,528.25,510.75,528.15
2024-09-23,3975646,528.95,532.0,523.45,526.1
2024-09-24,3269949,526.8,526.9,517.7,522.1
2024-09-25,3029063,521.5,524.95,509.5,512.4
2024-09-26,2869880,510.25,515.95,506.0,512.7
2024-09-27,2195917,513.15,514.55,507.75,511.0
2024-09-30,3073519,512.45,516.2,503.05,507.4
2024-10-01,7113027,506.0,512.85,493.5,509.75
2024-10-02,7063610,509.8,511.9,494.0,499.95
2024-10-03,7576142,499.9,502.7,488.65,500.0
2024-10-04,5675373,502.8,509.45,498.55,501.9
2024-10-07,5642987,502.5,505.6,493.2,503.5
2024-10-08,3787736,500.0,505.0,498.0,501.8
2024-10-09,5222780,503.0,503.0,491.4,495.85
2024-10-10,1973851,495.85,499.4,493.55,497.75
2024-10-11,2499114,497.9,499.0,490.6,492.15
2024-10-14,3828020,492.15,501.2,486.75,496.0
2024-10-15,3415321,495.8,500.0,492.85,498.4
2024-10-16,3736964,498.4,503.9,495.15,496.45
2024-10-17,4405919,496.45,497.2,485.55,486.95
2024-10-18,2519947,487.0,488.75,482.3,487.8
2024-10-21,2065853,488.2,490.0,484.05,484.7
2024-10-22,3133144,484.5,485.4,478.45,479.0
2024-10-23,4361513,478.5,480.35,467.2,469.0
2024-10-24,4013241,469.55,472.1,464.1,469.75
2024-10-25,6547227,469.6,470.65,455.5,456.1
2024-10-28,8597298,451.05,455.4,433.3,434.75
2024-10-29,7598465,434.75,446.55,434.5,442.35
